timestamp,Heart Rate
2011-01-01 00:00:00.000,84.2697
2011-01-01 00:00:00.500,84.0619
2011-01-01 00:00:01.000,85.6542
2011-01-01 00:00:01.500,87.2093
2011-01-01 00:00:02.000,87.1246
2011-01-01 00:00:02.500,86.8726
2011-01-01 00:00:03.000,86.7052
2011-01-01 00:00:03.500,87.5899
2011-01-01 00:00:04.000,89.1475
2011-01-01 00:00:04.500,89.8204
2011-01-01 00:00:05.000,89.8204
2011-01-01 00:00:05.500,90.4375
2011-01-01 00:00:06.000,91.7605
2011-01-01 00:00:06.500,93.1081
2011-01-01 00:00:07.000,94.3291
2011-01-01 00:00:07.500,95.8003
2011-01-01 00:00:08.000,97.5119
2011-01-01 00:00:08.500,98.7457
2011-01-01 00:00:09.000,98.904
2011-01-01 00:00:09.500,98.3437
2011-01-01 00:00:10.000,98.3075
2011-01-01 00:00:10.500,98.8313
2011-01-01 00:00:11.000,99.0789
2011-01-01 00:00:11.500,98.8157
2011-01-01 00:00:12.000,98.2998
2011-01-01 00:00:12.500,97.7311
2011-01-01 00:00:13.000,97.6471
2011-01-01 00:00:13.500,97.7922
2011-01-01 00:00:14.000,97.2974
2011-01-01 00:00:14.500,96.2042
2011-01-01 00:00:15.000,95.2318
2011-01-01 00:00:15.500,94.9367
2011-01-01 00:00:16.000,95.0867
2011-01-01 00:00:16.500,95.389
2011-01-01 00:00:17.000,95.5414
2011-01-01 00:00:17.500,95.2439
2011-01-01 00:00:18.000,94.9415
2011-01-01 00:00:18.500,95.3557
2011-01-01 00:00:19.000,96.3423
2011-01-01 00:00:19.500,97.1563
2011-01-01 00:00:20.000,97.4026
2011-01-01 00:00:20.500,96.7028
2011-01-01 00:00:21.000,96.5516
2011-01-01 00:00:21.500,97.9837
2011-01-01 00:00:22.000,98.9879
2011-01-01 00:00:22.500,97.6312
2011-01-01 00:00:23.000,95.4064
2011-01-01 00:00:23.500,93.8603
2011-01-01 00:00:24.000,93.0552
2011-01-01 00:00:24.500,94.6012
2011-01-01 00:00:25.000,95.8476
2011-01-01 00:00:25.500,95.7692
2011-01-01 00:00:26.000,95.9236
2011-01-01 00:00:26.500,95.7692
2011-01-01 00:00:27.000,95.9211
2011-01-01 00:00:27.500,95.8501
2011-01-01 00:00:28.000,94.6703
2011-01-01 00:00:28.500,93.0993
2011-01-01 00:00:29.000,91.97200000000001
2011-01-01 00:00:29.500,91.7821
2011-01-01 00:00:30.000,91.7911
2011-01-01 00:00:30.500,90.807
2011-01-01 00:00:31.000,89.3196
2011-01-01 00:00:31.500,88.1511
2011-01-01 00:00:32.000,88.7762
2011-01-01 00:00:32.500,90.2265
2011-01-01 00:00:33.000,90.8066
2011-01-01 00:00:33.500,91.2284
2011-01-01 00:00:34.000,92.4238
2011-01-01 00:00:34.500,93.243
2011-01-01 00:00:35.000,92.8472
2011-01-01 00:00:35.500,92.5926
2011-01-01 00:00:36.000,91.7778
2011-01-01 00:00:36.500,91.2974
2011-01-01 00:00:37.000,91.6364
2011-01-01 00:00:37.500,91.2952
2011-01-01 00:00:38.000,91.771
2011-01-01 00:00:38.500,93.2285
2011-01-01 00:00:39.000,93.3199
2011-01-01 00:00:39.500,91.8799
2011-01-01 00:00:40.000,91.2239
2011-01-01 00:00:40.500,92.4055
2011-01-01 00:00:41.000,93.8716
2011-01-01 00:00:41.500,94.5825
2011-01-01 00:00:42.000,94.5594
2011-01-01 00:00:42.500,94.9453
2011-01-01 00:00:43.000,96.2412
2011-01-01 00:00:43.500,96.6879
2011-01-01 00:00:44.000,95.8295
2011-01-01 00:00:44.500,94.7819
2011-01-01 00:00:45.000,93.4731
2011-01-01 00:00:45.500,92.7997
2011-01-01 00:00:46.000,92.963
2011-01-01 00:00:46.500,92.6996
2011-01-01 00:00:47.000,91.9648
2011-01-01 00:00:47.500,91.2417
2011-01-01 00:00:48.000,91.9312
2011-01-01 00:00:48.500,93.9548
2011-01-01 00:00:49.000,95.3044
2011-01-01 00:00:49.500,95.2511
2011-01-01 00:00:50.000,94.5358
2011-01-01 00:00:50.500,93.8093
2011-01-01 00:00:51.000,93.2287
2011-01-01 00:00:51.500,92.2065
2011-01-01 00:00:52.000,92.1588
2011-01-01 00:00:52.500,93.6376
2011-01-01 00:00:53.000,94.899
2011-01-01 00:00:53.500,95.1592
2011-01-01 00:00:54.000,95.2415
2011-01-01 00:00:54.500,95.5414
2011-01-01 00:00:55.000,95.0971
2011-01-01 00:00:55.500,94.52799999999999
2011-01-01 00:00:56.000,95.5887
2011-01-01 00:00:56.500,96.4715
2011-01-01 00:00:57.000,96.6158
2011-01-01 00:00:57.500,97.0769
2011-01-01 00:00:58.000,96.8531
2011-01-01 00:00:58.500,96.3947
2011-01-01 00:00:59.000,97.4291
2011-01-01 00:00:59.500,98.1767
2011-01-01 00:01:00.000,97.0148
2011-01-01 00:01:00.500,96.044
2011-01-01 00:01:01.000,95.9581
2011-01-01 00:01:01.500,96.4814
2011-01-01 00:01:02.000,96.5211
2011-01-01 00:01:02.500,95.3629
2011-01-01 00:01:03.000,93.5741
2011-01-01 00:01:03.500,92.07700000000001
2011-01-01 00:01:04.000,90.4094
2011-01-01 00:01:04.500,90.1751
2011-01-01 00:01:05.000,91.3312
2011-01-01 00:01:05.500,91.2883
2011-01-01 00:01:06.000,89.0592
2011-01-01 00:01:06.500,87.052
2011-01-01 00:01:07.000,86.6226
2011-01-01 00:01:07.500,85.7889
2011-01-01 00:01:08.000,85.6348
2011-01-01 00:01:08.500,85.3911
2011-01-01 00:01:09.000,83.8064
2011-01-01 00:01:09.500,82.8729
2011-01-01 00:01:10.000,82.6266
2011-01-01 00:01:10.500,82.645
2011-01-01 00:01:11.000,82.645
2011-01-01 00:01:11.500,82.645
2011-01-01 00:01:12.000,82.645
2011-01-01 00:01:12.500,82.645
2011-01-01 00:01:13.000,82.645
2011-01-01 00:01:13.500,82.645
2011-01-01 00:01:14.000,82.645
2011-01-01 00:01:14.500,82.645
2011-01-01 00:01:15.000,95.0292
2011-01-01 00:01:15.500,95.6378
2011-01-01 00:01:16.000,95.3338
2011-01-01 00:01:16.500,94.6154
2011-01-01 00:01:17.000,94.71700000000001
2011-01-01 00:01:17.500,94.4172
2011-01-01 00:01:18.000,93.071
2011-01-01 00:01:18.500,92.4772
2011-01-01 00:01:19.000,92.7607
2011-01-01 00:01:19.500,92.30799999999999
2011-01-01 00:01:20.000,92.0245
2011-01-01 00:01:20.500,91.0371
2011-01-01 00:01:21.000,90.0865
2011-01-01 00:01:21.500,90.1796
2011-01-01 00:01:22.000,90.0281
2011-01-01 00:01:22.500,90.5564
2011-01-01 00:01:23.000,91.7077
2011-01-01 00:01:23.500,92.4405
2011-01-01 00:01:24.000,92.963
2011-01-01 00:01:24.500,93.4589
2011-01-01 00:01:25.000,93.75
2011-01-01 00:01:25.500,94.2788
2011-01-01 00:01:26.000,95.6006
2011-01-01 00:01:26.500,96.8981
2011-01-01 00:01:27.000,97.4026
2011-01-01 00:01:27.500,97.6343
2011-01-01 00:01:28.000,98.1152
2011-01-01 00:01:28.500,98.7137
2011-01-01 00:01:29.000,99.5611
2011-01-01 00:01:29.500,100.365
2011-01-01 00:01:30.000,100.671
2011-01-01 00:01:30.500,100.435
2011-01-01 00:01:31.000,99.6052
2011-01-01 00:01:31.500,98.4364
2011-01-01 00:01:32.000,97.6318
2011-01-01 00:01:32.500,97.4026
2011-01-01 00:01:33.000,96.6432
2011-01-01 00:01:33.500,96.412
2011-01-01 00:01:34.000,97.5981
2011-01-01 00:01:34.500,98.3932
2011-01-01 00:01:35.000,97.9665
2011-01-01 00:01:35.500,95.0147
2011-01-01 00:01:36.000,92.0
2011-01-01 00:01:36.500,91.2143
2011-01-01 00:01:37.000,91.2594
2011-01-01 00:01:37.500,92.2747
2011-01-01 00:01:38.000,92.9359
2011-01-01 00:01:38.500,92.795
2011-01-01 00:01:39.000,93.0328
2011-01-01 00:01:39.500,93.8005
2011-01-01 00:01:40.000,95.0726
2011-01-01 00:01:40.500,96.5076
2011-01-01 00:01:41.000,97.6244
2011-01-01 00:01:41.500,98.0753
2011-01-01 00:01:42.000,98.3978
2011-01-01 00:01:42.500,99.5744
2011-01-01 00:01:43.000,100.568
2011-01-01 00:01:43.500,101.20100000000001
2011-01-01 00:01:44.000,101.99600000000001
2011-01-01 00:01:44.500,101.75200000000001
2011-01-01 00:01:45.000,100.95700000000001
2011-01-01 00:01:45.500,100.02600000000001
2011-01-01 00:01:46.000,99.6107
2011-01-01 00:01:46.500,99.7351
2011-01-01 00:01:47.000,98.9231
2011-01-01 00:01:47.500,97.2177
2011-01-01 00:01:48.000,96.4963
2011-01-01 00:01:48.500,96.5062
2011-01-01 00:01:49.000,96.5806
2011-01-01 00:01:49.500,97.4089
2011-01-01 00:01:50.000,98.2353
2011-01-01 00:01:50.500,98.3075
2011-01-01 00:01:51.000,98.0392
2011-01-01 00:01:51.500,97.81
2011-01-01 00:01:52.000,97.3384
2011-01-01 00:01:52.500,96.8581
2011-01-01 00:01:53.000,96.3871
2011-01-01 00:01:53.500,97.0965
2011-01-01 00:01:54.000,98.54299999999999
2011-01-01 00:01:54.500,99.571
2011-01-01 00:01:55.000,100.383
2011-01-01 00:01:55.500,100.54799999999999
2011-01-01 00:01:56.000,99.8818
2011-01-01 00:01:56.500,96.8987
2011-01-01 00:01:57.000,95.0382
2011-01-01 00:01:57.500,96.0268
2011-01-01 00:01:58.000,96.6055
2011-01-01 00:01:58.500,96.7742
2011-01-01 00:01:59.000,96.4715
2011-01-01 00:01:59.500,95.7183
2011-01-01 00:02:00.000,94.9637
2011-01-01 00:02:00.500,94.7937
2011-01-01 00:02:01.000,96.1652
2011-01-01 00:02:01.500,97.7082
2011-01-01 00:02:02.000,98.0265
2011-01-01 00:02:02.500,98.2043
2011-01-01 00:02:03.000,98.6236
2011-01-01 00:02:03.500,99.1664
2011-01-01 00:02:04.000,100.06299999999999
2011-01-01 00:02:04.500,102.23700000000001
2011-01-01 00:02:05.000,104.256
2011-01-01 00:02:05.500,104.368
2011-01-01 00:02:06.000,103.428
2011-01-01 00:02:06.500,102.71600000000001
2011-01-01 00:02:07.000,103.304
2011-01-01 00:02:07.500,103.37299999999999
2011-01-01 00:02:08.000,100.82600000000001
2011-01-01 00:02:08.500,98.56299999999999
2011-01-01 00:02:09.000,98.2895
2011-01-01 00:02:09.500,98.1599
2011-01-01 00:02:10.000,97.0303
2011-01-01 00:02:10.500,95.5209
2011-01-01 00:02:11.000,94.4763
2011-01-01 00:02:11.500,94.4791
2011-01-01 00:02:12.000,95.7819
2011-01-01 00:02:12.500,97.3151
2011-01-01 00:02:13.000,97.3915
2011-01-01 00:02:13.500,97.7791
2011-01-01 00:02:14.000,99.0609
2011-01-01 00:02:14.500,99.2175
2011-01-01 00:02:15.000,98.9404
2011-01-01 00:02:15.500,99.0606
2011-01-01 00:02:16.000,98.7248
2011-01-01 00:02:16.500,96.3218
2011-01-01 00:02:17.000,93.4816
2011-01-01 00:02:17.500,91.8813
2011-01-01 00:02:18.000,90.8463
2011-01-01 00:02:18.500,92.4127
2011-01-01 00:02:19.000,94.2124
2011-01-01 00:02:19.500,92.4513
2011-01-01 00:02:20.000,92.4513
2011-01-01 00:02:20.500,92.4513
2011-01-01 00:02:21.000,92.4513
2011-01-01 00:02:21.500,89.9078
2011-01-01 00:02:22.000,93.5217
2011-01-01 00:02:22.500,97.4854
2011-01-01 00:02:23.000,99.4921
2011-01-01 00:02:23.500,99.4464
2011-01-01 00:02:24.000,98.7744
2011-01-01 00:02:24.500,96.5739
2011-01-01 00:02:25.000,96.1598
2011-01-01 00:02:25.500,97.6346
2011-01-01 00:02:26.000,97.9628
2011-01-01 00:02:26.500,97.8419
2011-01-01 00:02:27.000,97.2094
2011-01-01 00:02:27.500,96.7742
2011-01-01 00:02:28.000,98.1161
2011-01-01 00:02:28.500,100.156
2011-01-01 00:02:29.000,100.95
2011-01-01 00:02:29.500,100.946
2011-01-01 00:02:30.000,101.098
2011-01-01 00:02:30.500,101.351
2011-01-01 00:02:31.000,101.351
2011-01-01 00:02:31.500,100.185
2011-01-01 00:02:32.000,98.3766
2011-01-01 00:02:32.500,97.4133
2011-01-01 00:02:33.000,96.6234
2011-01-01 00:02:33.500,95.8476
2011-01-01 00:02:34.000,94.875
2011-01-01 00:02:34.500,93.8442
2011-01-01 00:02:35.000,93.3238
2011-01-01 00:02:35.500,93.1677
2011-01-01 00:02:36.000,92.9124
2011-01-01 00:02:36.500,92.795
2011-01-01 00:02:37.000,92.963
2011-01-01 00:02:37.500,92.7997
2011-01-01 00:02:38.000,93.4731
2011-01-01 00:02:38.500,94.3396
2011-01-01 00:02:39.000,94.6184
2011-01-01 00:02:39.500,95.28299999999999
2011-01-01 00:02:40.000,95.9113
2011-01-01 00:02:40.500,95.8599
2011-01-01 00:02:41.000,95.9876
2011-01-01 00:02:41.500,96.5917
2011-01-01 00:02:42.000,96.5684
2011-01-01 00:02:42.500,95.6497
2011-01-01 00:02:43.000,95.5209
2011-01-01 00:02:43.500,95.9115
2011-01-01 00:02:44.000,95.2212
2011-01-01 00:02:44.500,94.2373
2011-01-01 00:02:45.000,93.75
2011-01-01 00:02:45.500,93.2315
2011-01-01 00:02:46.000,92.4824
2011-01-01 00:02:46.500,92.8411
2011-01-01 00:02:47.000,95.1926
2011-01-01 00:02:47.500,95.1926
2011-01-01 00:02:48.000,95.1926
2011-01-01 00:02:48.500,95.1926
2011-01-01 00:02:49.000,95.1926
2011-01-01 00:02:49.500,95.1926
2011-01-01 00:02:50.000,95.1926
2011-01-01 00:02:50.500,95.1926
2011-01-01 00:02:51.000,95.1926
2011-01-01 00:02:51.500,95.1926
2011-01-01 00:02:52.000,95.1926
2011-01-01 00:02:52.500,104.29899999999999
2011-01-01 00:02:53.000,102.93299999999999
2011-01-01 00:02:53.500,102.698
2011-01-01 00:02:54.000,101.647
2011-01-01 00:02:54.500,98.3221
2011-01-01 00:02:55.000,96.6484
2011-01-01 00:02:55.500,97.8146
2011-01-01 00:02:56.000,98.79700000000001
2011-01-01 00:02:56.500,98.6411
2011-01-01 00:02:57.000,96.5556
2011-01-01 00:02:57.500,93.9147
2011-01-01 00:02:58.000,92.4174
2011-01-01 00:02:58.500,92.0825
2011-01-01 00:02:59.000,93.2812
2011-01-01 00:02:59.500,92.3664
2011-01-01 00:03:00.000,90.1977
2011-01-01 00:03:00.500,89.9113
2011-01-01 00:03:01.000,89.8204
2011-01-01 00:03:01.500,90.3604
2011-01-01 00:03:02.000,90.7207
2011-01-01 00:03:02.500,89.6519
2011-01-01 00:03:03.000,87.2386
2011-01-01 00:03:03.500,85.2571
2011-01-01 00:03:04.000,85.9714
2011-01-01 00:03:04.500,88.2143
2011-01-01 00:03:05.000,89.2857
2011-01-01 00:03:05.500,87.7857
2011-01-01 00:03:06.000,86.6695
2011-01-01 00:03:06.500,87.9053
2011-01-01 00:03:07.000,88.7574
2011-01-01 00:03:07.500,89.7532
2011-01-01 00:03:08.000,90.8726
2011-01-01 00:03:08.500,90.3864
2011-01-01 00:03:09.000,87.0231
2011-01-01 00:03:09.500,83.49600000000001
2011-01-01 00:03:10.000,82.9967
2011-01-01 00:03:10.500,85.7531
2011-01-01 00:03:11.000,87.3753
2011-01-01 00:03:11.500,86.2487
2011-01-01 00:03:12.000,85.8621
2011-01-01 00:03:12.500,85.9744
2011-01-01 00:03:13.000,87.5862
2011-01-01 00:03:13.500,89.39399999999999
2011-01-01 00:03:14.000,89.2899
2011-01-01 00:03:14.500,89.5466
2011-01-01 00:03:15.000,90.5282
2011-01-01 00:03:15.500,91.0023
2011-01-01 00:03:16.000,91.6818
2011-01-01 00:03:16.500,92.9149
2011-01-01 00:03:17.000,94.4236
2011-01-01 00:03:17.500,95.0212
2011-01-01 00:03:18.000,94.5112
2011-01-01 00:03:18.500,93.6224
2011-01-01 00:03:19.000,93.4402
2011-01-01 00:03:19.500,92.7995
2011-01-01 00:03:20.000,91.125
2011-01-01 00:03:20.500,89.8247
2011-01-01 00:03:21.000,91.2112
2011-01-01 00:03:21.500,93.5647
2011-01-01 00:03:22.000,94.4258
2011-01-01 00:03:22.500,95.0425
2011-01-01 00:03:23.000,94.4881
2011-01-01 00:03:23.500,93.75
2011-01-01 00:03:24.000,93.9316
2011-01-01 00:03:24.500,94.5385
2011-01-01 00:03:25.000,95.4434
2011-01-01 00:03:25.500,94.8365
2011-01-01 00:03:26.000,93.2778
2011-01-01 00:03:26.500,92.4055
2011-01-01 00:03:27.000,91.5635
2011-01-01 00:03:27.500,90.471
2011-01-01 00:03:28.000,90.5367
2011-01-01 00:03:28.500,91.5154
2011-01-01 00:03:29.000,91.35
2011-01-01 00:03:29.500,89.3208
2011-01-01 00:03:30.000,88.1802
2011-01-01 00:03:30.500,89.1291
2011-01-01 00:03:31.000,90.2812
2011-01-01 00:03:31.500,92.0564
2011-01-01 00:03:32.000,92.9032
2011-01-01 00:03:32.500,91.9195
2011-01-01 00:03:33.000,90.166
2011-01-01 00:03:33.500,87.6693
2011-01-01 00:03:34.000,88.0848
2011-01-01 00:03:34.500,90.641
2011-01-01 00:03:35.000,91.9066
2011-01-01 00:03:35.500,93.1219
2011-01-01 00:03:36.000,93.1759
2011-01-01 00:03:36.500,92.2043
2011-01-01 00:03:37.000,91.1155
2011-01-01 00:03:37.500,89.5742
2011-01-01 00:03:38.000,88.2217
2011-01-01 00:03:38.500,88.9623
2011-01-01 00:03:39.000,91.1344
2011-01-01 00:03:39.500,92.6341
2011-01-01 00:03:40.000,93.4775
2011-01-01 00:03:40.500,93.9811
2011-01-01 00:03:41.000,94.7404
2011-01-01 00:03:41.500,95.96
2011-01-01 00:03:42.000,97.4116
2011-01-01 00:03:42.500,99.7615
2011-01-01 00:03:43.000,101.351
2011-01-01 00:03:43.500,101.12299999999999
2011-01-01 00:03:44.000,99.9982
2011-01-01 00:03:44.500,97.8726
2011-01-01 00:03:45.000,95.4913
2011-01-01 00:03:45.500,92.6655
2011-01-01 00:03:46.000,90.5932
2011-01-01 00:03:46.500,89.6715
2011-01-01 00:03:47.000,88.4337
2011-01-01 00:03:47.500,89.2376
2011-01-01 00:03:48.000,91.185
2011-01-01 00:03:48.500,91.5465
2011-01-01 00:03:49.000,90.9202
2011-01-01 00:03:49.500,90.3614
2011-01-01 00:03:50.000,90.3614
2011-01-01 00:03:50.500,90.4556
2011-01-01 00:03:51.000,90.7428
2011-01-01 00:03:51.500,91.4802
2011-01-01 00:03:52.000,92.229
2011-01-01 00:03:52.500,92.5131
2011-01-01 00:03:53.000,92.5926
2011-01-01 00:03:53.500,92.5926
2011-01-01 00:03:54.000,92.8318
2011-01-01 00:03:54.500,93.9316
2011-01-01 00:03:55.000,95.473
2011-01-01 00:03:55.500,95.7212
2011-01-01 00:03:56.000,95.7212
2011-01-01 00:03:56.500,95.7212
2011-01-01 00:03:57.000,95.7212
2011-01-01 00:03:57.500,95.7212
2011-01-01 00:03:58.000,95.7212
2011-01-01 00:03:58.500,95.7212
2011-01-01 00:03:59.000,95.7212
2011-01-01 00:03:59.500,95.7212
2011-01-01 00:04:00.000,78.5878
2011-01-01 00:04:00.500,80.6419
2011-01-01 00:04:01.000,82.7255
2011-01-01 00:04:01.500,84.3797
2011-01-01 00:04:02.000,84.4015
2011-01-01 00:04:02.500,83.8636
2011-01-01 00:04:03.000,84.61399999999999
2011-01-01 00:04:03.500,82.012
2011-01-01 00:04:04.000,79.5961
2011-01-01 00:04:04.500,80.9197
2011-01-01 00:04:05.000,82.6967
2011-01-01 00:04:05.500,83.5211
2011-01-01 00:04:06.000,83.0931
2011-01-01 00:04:06.500,83.1381
2011-01-01 00:04:07.000,82.84700000000001
2011-01-01 00:04:07.500,82.1639
2011-01-01 00:04:08.000,81.9672
2011-01-01 00:04:08.500,82.8698
2011-01-01 00:04:09.000,84.281
2011-01-01 00:04:09.500,85.25200000000001
2011-01-01 00:04:10.000,87.4286
2011-01-01 00:04:10.500,89.37899999999999
2011-01-01 00:04:11.000,89.6429
2011-01-01 00:04:11.500,89.4782
2011-01-01 00:04:12.000,88.5526
2011-01-01 00:04:12.500,87.3399
2011-01-01 00:04:13.000,86.5774
2011-01-01 00:04:13.500,86.4999
2011-01-01 00:04:14.000,86.9048
2011-01-01 00:04:14.500,87.9264
2011-01-01 00:04:15.000,89.9372
2011-01-01 00:04:15.500,92.1468
2011-01-01 00:04:16.000,92.7059
2011-01-01 00:04:16.500,91.0494
2011-01-01 00:04:17.000,88.8935
2011-01-01 00:04:17.500,88.609
2011-01-01 00:04:18.000,87.8714
2011-01-01 00:04:18.500,86.2799
2011-01-01 00:04:19.000,86.402
2011-01-01 00:04:19.500,86.4541
2011-01-01 00:04:20.000,86.8316
2011-01-01 00:04:20.500,88.0487
2011-01-01 00:04:21.000,89.2307
2011-01-01 00:04:21.500,88.3874
2011-01-01 00:04:22.000,86.6963
2011-01-01 00:04:22.500,86.5061
2011-01-01 00:04:23.000,87.6658
2011-01-01 00:04:23.500,88.9666
2011-01-01 00:04:24.000,89.4717
2011-01-01 00:04:24.500,90.0
2011-01-01 00:04:25.000,89.759
2011-01-01 00:04:25.500,88.8782
2011-01-01 00:04:26.000,88.2456
2011-01-01 00:04:26.500,87.8337
2011-01-01 00:04:27.000,86.9268
2011-01-01 00:04:27.500,85.7276
2011-01-01 00:04:28.000,84.9399
2011-01-01 00:04:28.500,84.4506
2011-01-01 00:04:29.000,84.8591
2011-01-01 00:04:29.500,85.6838
2011-01-01 00:04:30.000,86.0937
2011-01-01 00:04:30.500,87.5128
2011-01-01 00:04:31.000,89.1146
2011-01-01 00:04:31.500,90.1118
2011-01-01 00:04:32.000,91.6609
2011-01-01 00:04:32.500,92.2972
2011-01-01 00:04:33.000,91.818
2011-01-01 00:04:33.500,91.3039
2011-01-01 00:04:34.000,90.7051
2011-01-01 00:04:34.500,90.6616
2011-01-01 00:04:35.000,90.6966
2011-01-01 00:04:35.500,89.9465
2011-01-01 00:04:36.000,88.7994
2011-01-01 00:04:36.500,87.9546
2011-01-01 00:04:37.000,88.2832
2011-01-01 00:04:37.500,89.0664
2011-01-01 00:04:38.000,89.2773
2011-01-01 00:04:38.500,89.0131
2011-01-01 00:04:39.000,87.8902
2011-01-01 00:04:39.500,86.615
2011-01-01 00:04:40.000,86.2069
2011-01-01 00:04:40.500,86.8845
2011-01-01 00:04:41.000,87.7769
2011-01-01 00:04:41.500,88.0702
2011-01-01 00:04:42.000,87.934
2011-01-01 00:04:42.500,87.1143
2011-01-01 00:04:43.000,86.8784
2011-01-01 00:04:43.500,88.0322
2011-01-01 00:04:44.000,89.3186
2011-01-01 00:04:44.500,89.2497
2011-01-01 00:04:45.000,88.2725
2011-01-01 00:04:45.500,87.5376
2011-01-01 00:04:46.000,86.2341
2011-01-01 00:04:46.500,86.1094
2011-01-01 00:04:47.000,87.4868
2011-01-01 00:04:47.500,87.6115
2011-01-01 00:04:48.000,87.6402
2011-01-01 00:04:48.500,88.0294
2011-01-01 00:04:49.000,87.7412
2011-01-01 00:04:49.500,86.6045
2011-01-01 00:04:50.000,86.7976
2011-01-01 00:04:50.500,88.4143
2011-01-01 00:04:51.000,89.1041
2011-01-01 00:04:51.500,88.49
2011-01-01 00:04:52.000,87.3907
2011-01-01 00:04:52.500,86.9502
2011-01-01 00:04:53.000,87.0238
2011-01-01 00:04:53.500,86.7642
2011-01-01 00:04:54.000,85.5504
2011-01-01 00:04:54.500,84.0837
2011-01-01 00:04:55.000,83.8277
2011-01-01 00:04:55.500,85.1986
2011-01-01 00:04:56.000,86.8666
2011-01-01 00:04:56.500,88.1815
2011-01-01 00:04:57.000,88.5214
2011-01-01 00:04:57.500,88.2604
2011-01-01 00:04:58.000,88.2833
2011-01-01 00:04:58.500,88.5444
2011-01-01 00:04:59.000,87.6964
2011-01-01 00:04:59.500,86.0997
2011-01-01 00:05:00.000,85.1549
2011-01-01 00:05:00.500,84.7458
2011-01-01 00:05:01.000,84.601
2011-01-01 00:05:01.500,84.4511
2011-01-01 00:05:02.000,84.8366
2011-01-01 00:05:02.500,84.4924
2011-01-01 00:05:03.000,83.5455
2011-01-01 00:05:03.500,83.3333
2011-01-01 00:05:04.000,83.9661
2011-01-01 00:05:04.500,84.9048
2011-01-01 00:05:05.000,85.5223
2011-01-01 00:05:05.500,86.5216
2011-01-01 00:05:06.000,86.5116
2011-01-01 00:05:06.500,85.1722
2011-01-01 00:05:07.000,83.7017
2011-01-01 00:05:07.500,82.4889
2011-01-01 00:05:08.000,82.4781
2011-01-01 00:05:08.500,83.5605
2011-01-01 00:05:09.000,84.4982
2011-01-01 00:05:09.500,84.4787
2011-01-01 00:05:10.000,83.9374
2011-01-01 00:05:10.500,83.0309
2011-01-01 00:05:11.000,83.0251
2011-01-01 00:05:11.500,83.9511
2011-01-01 00:05:12.000,84.2697
2011-01-01 00:05:12.500,84.462
2011-01-01 00:05:13.000,85.0841
2011-01-01 00:05:13.500,86.1177
2011-01-01 00:05:14.000,87.7395
2011-01-01 00:05:14.500,89.2835
2011-01-01 00:05:15.000,89.9091
2011-01-01 00:05:15.500,89.6472
2011-01-01 00:05:16.000,89.5488
2011-01-01 00:05:16.500,89.6429
2011-01-01 00:05:17.000,89.5433
2011-01-01 00:05:17.500,89.9871
2011-01-01 00:05:18.000,90.3614
2011-01-01 00:05:18.500,90.1861
2011-01-01 00:05:19.000,89.6683
2011-01-01 00:05:19.500,88.7806
2011-01-01 00:05:20.000,87.9897
2011-01-01 00:05:20.500,88.0348
2011-01-01 00:05:21.000,88.4809
2011-01-01 00:05:21.500,88.4358
2011-01-01 00:05:22.000,87.788
2011-01-01 00:05:22.500,87.0264
2011-01-01 00:05:23.000,86.5921
2011-01-01 00:05:23.500,87.6148
2011-01-01 00:05:24.000,89.5664
2011-01-01 00:05:24.500,90.4071
2011-01-01 00:05:25.000,90.2084
2011-01-01 00:05:25.500,90.7208
2011-01-01 00:05:26.000,91.4634
2011-01-01 00:05:26.500,91.4634
2011-01-01 00:05:27.000,91.2892
2011-01-01 00:05:27.500,90.2003
2011-01-01 00:05:28.000,88.4385
2011-01-01 00:05:28.500,87.8571
2011-01-01 00:05:29.000,88.73
2011-01-01 00:05:29.500,89.5787
2011-01-01 00:05:30.000,89.6172
2011-01-01 00:05:30.500,89.4611
2011-01-01 00:05:31.000,89.6217
2011-01-01 00:05:31.500,89.2464
2011-01-01 00:05:32.000,89.9466
2011-01-01 00:05:32.500,91.4612
2011-01-01 00:05:33.000,91.6883
2011-01-01 00:05:33.500,92.0912
2011-01-01 00:05:34.000,92.3608
2011-01-01 00:05:34.500,92.6695
2011-01-01 00:05:35.000,94.0669
2011-01-01 00:05:35.500,95.8491
2011-01-01 00:05:36.000,97.4067
2011-01-01 00:05:36.500,98.0392
2011-01-01 00:05:37.000,97.6901
2011-01-01 00:05:37.500,96.7709
2011-01-01 00:05:38.000,95.4989
2011-01-01 00:05:38.500,93.4107
2011-01-01 00:05:39.000,91.8158
2011-01-01 00:05:39.500,91.4155
2011-01-01 00:05:40.000,91.0055
2011-01-01 00:05:40.500,90.3038
2011-01-01 00:05:41.000,89.6129
2011-01-01 00:05:41.500,88.8971
2011-01-01 00:05:42.000,87.8873
2011-01-01 00:05:42.500,88.8736
2011-01-01 00:05:43.000,90.1645
2011-01-01 00:05:43.500,89.6856
2011-01-01 00:05:44.000,89.0598
2011-01-01 00:05:44.500,88.2176
2011-01-01 00:05:45.000,87.0456
2011-01-01 00:05:45.500,86.38600000000001
2011-01-01 00:05:46.000,87.3176
2011-01-01 00:05:46.500,88.9581
2011-01-01 00:05:47.000,89.2941
2011-01-01 00:05:47.500,88.6277
2011-01-01 00:05:48.000,88.5527
2011-01-01 00:05:48.500,89.4503
2011-01-01 00:05:49.000,90.6981
2011-01-01 00:05:49.500,91.6387
2011-01-01 00:05:50.000,92.0245
2011-01-01 00:05:50.500,90.7537
2011-01-01 00:05:51.000,89.5404
2011-01-01 00:05:51.500,89.7092
2011-01-01 00:05:52.000,89.8204
2011-01-01 00:05:52.500,90.0671
2011-01-01 00:05:53.000,89.7168
2011-01-01 00:05:53.500,88.4504
2011-01-01 00:05:54.000,86.9939
2011-01-01 00:05:54.500,86.8361
2011-01-01 00:05:55.000,87.8331
2011-01-01 00:05:55.500,88.5088
2011-01-01 00:05:56.000,89.0511
2011-01-01 00:05:56.500,89.491
2011-01-01 00:05:57.000,89.7583
2011-01-01 00:05:57.500,89.8992
2011-01-01 00:05:58.000,90.7208
2011-01-01 00:05:58.500,91.9061
2011-01-01 00:05:59.000,92.4706
2011-01-01 00:05:59.500,92.3784
2011-01-01 00:06:00.000,91.2628
2011-01-01 00:06:00.500,91.0799
2011-01-01 00:06:01.000,91.5991
2011-01-01 00:06:01.500,91.1545
2011-01-01 00:06:02.000,90.9091
2011-01-01 00:06:02.500,89.9193
2011-01-01 00:06:03.000,88.8435
2011-01-01 00:06:03.500,89.0496
2011-01-01 00:06:04.000,90.4027
2011-01-01 00:06:04.500,90.0043
2011-01-01 00:06:05.000,87.7045
2011-01-01 00:06:05.500,86.3245
2011-01-01 00:06:06.000,85.9961
2011-01-01 00:06:06.500,87.1659
2011-01-01 00:06:07.000,88.4411
2011-01-01 00:06:07.500,88.7701
2011-01-01 00:06:08.000,89.0342
2011-01-01 00:06:08.500,89.2857
2011-01-01 00:06:09.000,89.1906
2011-01-01 00:06:09.500,88.9307
2011-01-01 00:06:10.000,89.2931
2011-01-01 00:06:10.500,89.8204
2011-01-01 00:06:11.000,89.5541
2011-01-01 00:06:11.500,88.7615
2011-01-01 00:06:12.000,88.4901
2011-01-01 00:06:12.500,89.0828
2011-01-01 00:06:13.000,89.7773
2011-01-01 00:06:13.500,90.5215
2011-01-01 00:06:14.000,90.1234
2011-01-01 00:06:14.500,89.6473
2011-01-01 00:06:15.000,90.1592
2011-01-01 00:06:15.500,90.3614
2011-01-01 00:06:16.000,89.5851
2011-01-01 00:06:16.500,88.7831
2011-01-01 00:06:17.000,88.6885
2011-01-01 00:06:17.500,88.4274
2011-01-01 00:06:18.000,89.1963
2011-01-01 00:06:18.500,90.1036
2011-01-01 00:06:19.000,89.8075
2011-01-01 00:06:19.500,89.1613
2011-01-01 00:06:20.000,88.07
2011-01-01 00:06:20.500,87.9644
2011-01-01 00:06:21.000,89.2791
2011-01-01 00:06:21.500,90.4605
2011-01-01 00:06:22.000,90.9091
2011-01-01 00:06:22.500,90.7623
2011-01-01 00:06:23.000,90.5455
2011-01-01 00:06:23.500,90.6922
2011-01-01 00:06:24.000,91.4044
2011-01-01 00:06:24.500,91.7982
2011-01-01 00:06:25.000,91.1411
2011-01-01 00:06:25.500,89.4103
2011-01-01 00:06:26.000,88.4734
2011-01-01 00:06:26.500,88.7344
2011-01-01 00:06:27.000,88.8679
2011-01-01 00:06:27.500,89.3994
2011-01-01 00:06:28.000,89.5873
2011-01-01 00:06:28.500,89.0426
2011-01-01 00:06:29.000,88.5714
2011-01-01 00:06:29.500,88.8487
2011-01-01 00:06:30.000,89.2857
2011-01-01 00:06:30.500,89.414
2011-01-01 00:06:31.000,89.6048
2011-01-01 00:06:31.500,89.2123
2011-01-01 00:06:32.000,89.3926
2011-01-01 00:06:32.500,90.3217
2011-01-01 00:06:33.000,90.8835
2011-01-01 00:06:33.500,91.8721
2011-01-01 00:06:34.000,92.5926
2011-01-01 00:06:34.500,91.8275
2011-01-01 00:06:35.000,90.3836
2011-01-01 00:06:35.500,89.4953
2011-01-01 00:06:36.000,89.0554
2011-01-01 00:06:36.500,88.9286
2011-01-01 00:06:37.000,89.1589
2011-01-01 00:06:37.500,89.2857
2011-01-01 00:06:38.000,89.961
2011-01-01 00:06:38.500,91.3509
2011-01-01 00:06:39.000,92.5522
2011-01-01 00:06:39.500,92.8157
2011-01-01 00:06:40.000,92.8594
2011-01-01 00:06:40.500,92.7812
2011-01-01 00:06:41.000,92.6192
2011-01-01 00:06:41.500,93.5335
2011-01-01 00:06:42.000,93.7162
2011-01-01 00:06:42.500,93.1677
2011-01-01 00:06:43.000,93.3098
2011-01-01 00:06:43.500,93.3055
2011-01-01 00:06:44.000,92.0341
2011-01-01 00:06:44.500,91.4044
2011-01-01 00:06:45.000,92.6381
2011-01-01 00:06:45.500,94.3359
2011-01-01 00:06:46.000,96.3489
2011-01-01 00:06:46.500,97.4026
2011-01-01 00:06:47.000,96.8731
2011-01-01 00:06:47.500,95.8836
2011-01-01 00:06:48.000,95.2817
2011-01-01 00:06:48.500,95.3406
2011-01-01 00:06:49.000,95.5414
2011-01-01 00:06:49.500,95.2923
2011-01-01 00:06:50.000,94.3336
2011-01-01 00:06:50.500,92.8138
2011-01-01 00:06:51.000,91.1825
2011-01-01 00:06:51.500,90.8772
2011-01-01 00:06:52.000,91.7805
2011-01-01 00:06:52.500,92.1951
2011-01-01 00:06:53.000,91.8212
2011-01-01 00:06:53.500,90.0888
2011-01-01 00:06:54.000,88.7574
2011-01-01 00:06:54.500,88.9232
2011-01-01 00:06:55.000,89.4547
2011-01-01 00:06:55.500,88.5462
2011-01-01 00:06:56.000,87.0894
2011-01-01 00:06:56.500,87.0277
2011-01-01 00:06:57.000,87.9529
2011-01-01 00:06:57.500,88.9856
2011-01-01 00:06:58.000,89.3888
2011-01-01 00:06:58.500,89.6429
2011-01-01 00:06:59.000,89.5038
2011-01-01 00:06:59.500,89.0638
2011-01-01 00:07:00.000,88.9286
2011-01-01 00:07:00.500,89.2279
2011-01-01 00:07:01.000,89.90100000000001
2011-01-01 00:07:01.500,89.494
2011-01-01 00:07:02.000,88.197
2011-01-01 00:07:02.500,87.5088
2011-01-01 00:07:03.000,87.4847
2011-01-01 00:07:03.500,88.4673
2011-01-01 00:07:04.000,89.5178
2011-01-01 00:07:04.500,89.7783
2011-01-01 00:07:05.000,88.7278
2011-01-01 00:07:05.500,87.5479
2011-01-01 00:07:06.000,87.7595
2011-01-01 00:07:06.500,89.2519
2011-01-01 00:07:07.000,90.6265
2011-01-01 00:07:07.500,90.3744
2011-01-01 00:07:08.000,89.4911
2011-01-01 00:07:08.500,88.9413
2011-01-01 00:07:09.000,89.2634
2011-01-01 00:07:09.500,89.9615
2011-01-01 00:07:10.000,90.0266
2011-01-01 00:07:10.500,89.3284
2011-01-01 00:07:11.000,88.2716
2011-01-01 00:07:11.500,87.6077
2011-01-01 00:07:12.000,87.5701
2011-01-01 00:07:12.500,88.7655
2011-01-01 00:07:13.000,90.7637
2011-01-01 00:07:13.500,91.8658
2011-01-01 00:07:14.000,92.2385
2011-01-01 00:07:14.500,93.1012
2011-01-01 00:07:15.000,95.2137
2011-01-01 00:07:15.500,97.6589
2011-01-01 00:07:16.000,98.8192
2011-01-01 00:07:16.500,99.0411
2011-01-01 00:07:17.000,99.57700000000001
2011-01-01 00:07:17.500,100.37
2011-01-01 00:07:18.000,101.296
2011-01-01 00:07:18.500,101.23
2011-01-01 00:07:19.000,100.632
2011-01-01 00:07:19.500,101.28200000000001
2011-01-01 00:07:20.000,102.162
2011-01-01 00:07:20.500,101.91799999999999
2011-01-01 00:07:21.000,102.4
2011-01-01 00:07:21.500,102.28200000000001
2011-01-01 00:07:22.000,100.89299999999999
2011-01-01 00:07:22.500,100.82600000000001
2011-01-01 00:07:23.000,101.166
2011-01-01 00:07:23.500,101.292
2011-01-01 00:07:24.000,100.616
2011-01-01 00:07:24.500,99.706
2011-01-01 00:07:25.000,98.7169
2011-01-01 00:07:25.500,98.294
2011-01-01 00:07:26.000,99.04
2011-01-01 00:07:26.500,98.7765
2011-01-01 00:07:27.000,98.0392
2011-01-01 00:07:27.500,98.2972
2011-01-01 00:07:28.000,97.5254
2011-01-01 00:07:28.500,95.3411
2011-01-01 00:07:29.000,93.3965
2011-01-01 00:07:29.500,92.887
2011-01-01 00:07:30.000,94.4949
2011-01-01 00:07:30.500,95.2611
2011-01-01 00:07:31.000,93.6464
2011-01-01 00:07:31.500,92.5926
2011-01-01 00:07:32.000,91.0979
2011-01-01 00:07:32.500,90.2113
2011-01-01 00:07:33.000,90.8709
2011-01-01 00:07:33.500,89.3208
2011-01-01 00:07:34.000,87.7193
2011-01-01 00:07:34.500,87.7193
2011-01-01 00:07:35.000,87.7193
2011-01-01 00:07:35.500,87.7193
2011-01-01 00:07:36.000,87.7193
2011-01-01 00:07:36.500,87.7193
2011-01-01 00:07:37.000,81.3612
2011-01-01 00:07:37.500,83.0021
2011-01-01 00:07:38.000,85.316
2011-01-01 00:07:38.500,88.7399
2011-01-01 00:07:39.000,91.2032
2011-01-01 00:07:39.500,92.125
2011-01-01 00:07:40.000,93.2808
2011-01-01 00:07:40.500,95.3589
2011-01-01 00:07:41.000,97.5611
2011-01-01 00:07:41.500,99.749
2011-01-01 00:07:42.000,101.791
2011-01-01 00:07:42.500,102.42200000000001
2011-01-01 00:07:43.000,102.89299999999999
2011-01-01 00:07:43.500,103.057
2011-01-01 00:07:44.000,102.09
2011-01-01 00:07:44.500,100.88799999999999
2011-01-01 00:07:45.000,100.353
2011-01-01 00:07:45.500,100.163
2011-01-01 00:07:46.000,99.3671
2011-01-01 00:07:46.500,99.05799999999999
2011-01-01 00:07:47.000,99.9618
2011-01-01 00:07:47.500,100.132
2011-01-01 00:07:48.000,99.6859
2011-01-01 00:07:48.500,99.6253
2011-01-01 00:07:49.000,99.2
2011-01-01 00:07:49.500,99.4211
2011-01-01 00:07:50.000,100.309
2011-01-01 00:07:50.500,100.64399999999999
2011-01-01 00:07:51.000,100.491
2011-01-01 00:07:51.500,100.156
2011-01-01 00:07:52.000,100.0
2011-01-01 00:07:52.500,100.0
2011-01-01 00:07:53.000,100.314
2011-01-01 00:07:53.500,100.90299999999999
2011-01-01 00:07:54.000,100.88600000000001
2011-01-01 00:07:54.500,100.79
2011-01-01 00:07:55.000,102.0
2011-01-01 00:07:55.500,103.605
2011-01-01 00:07:56.000,104.545
2011-01-01 00:07:56.500,104.24700000000001
2011-01-01 00:07:57.000,103.788
2011-01-01 00:07:57.500,104.941
2011-01-01 00:07:58.000,106.524
2011-01-01 00:07:58.500,106.756
2011-01-01 00:07:59.000,105.27799999999999
2011-01-01 00:07:59.500,102.758
2011-01-01 00:08:00.000,100.665
2011-01-01 00:08:00.500,98.9403
2011-01-01 00:08:01.000,98.0158
2011-01-01 00:08:01.500,98.0662
2011-01-01 00:08:02.000,97.1842
2011-01-01 00:08:02.500,95.0685
2011-01-01 00:08:03.000,93.2593
2011-01-01 00:08:03.500,93.6635
2011-01-01 00:08:04.000,95.7407
2011-01-01 00:08:04.500,97.8911
2011-01-01 00:08:05.000,99.7651
2011-01-01 00:08:05.500,100.976
2011-01-01 00:08:06.000,101.316
2011-01-01 00:08:06.500,101.905
2011-01-01 00:08:07.000,102.823
2011-01-01 00:08:07.500,102.89399999999999
2011-01-01 00:08:08.000,102.32
2011-01-01 00:08:08.500,102.041
2011-01-01 00:08:09.000,102.63799999999999
2011-01-01 00:08:09.500,103.34100000000001
2011-01-01 00:08:10.000,103.63799999999999
2011-01-01 00:08:10.500,103.86200000000001
2011-01-01 00:08:11.000,103.67200000000001
2011-01-01 00:08:11.500,103.448
2011-01-01 00:08:12.000,103.448
2011-01-01 00:08:12.500,103.448
2011-01-01 00:08:13.000,103.18799999999999
2011-01-01 00:08:13.500,102.833
2011-01-01 00:08:14.000,102.6
2011-01-01 00:08:14.500,102.40799999999999
2011-01-01 00:08:15.000,102.925
2011-01-01 00:08:15.500,103.83
2011-01-01 00:08:16.000,103.516
2011-01-01 00:08:16.500,102.803
2011-01-01 00:08:17.000,102.538
2011-01-01 00:08:17.500,102.329
2011-01-01 00:08:18.000,102.61200000000001
2011-01-01 00:08:18.500,103.228
2011-01-01 00:08:19.000,104.22399999999999
2011-01-01 00:08:19.500,105.585
2011-01-01 00:08:20.000,105.443
2011-01-01 00:08:20.500,104.624
2011-01-01 00:08:21.000,104.76700000000001
2011-01-01 00:08:21.500,104.507
2011-01-01 00:08:22.000,103.36200000000001
2011-01-01 00:08:22.500,102.31200000000001
2011-01-01 00:08:23.000,101.345
2011-01-01 00:08:23.500,100.95100000000001
2011-01-01 00:08:24.000,101.291
2011-01-01 00:08:24.500,101.196
2011-01-01 00:08:25.000,101.037
2011-01-01 00:08:25.500,101.506
2011-01-01 00:08:26.000,101.666
2011-01-01 00:08:26.500,101.979
2011-01-01 00:08:27.000,102.416
2011-01-01 00:08:27.500,102.133
2011-01-01 00:08:28.000,101.77799999999999
2011-01-01 00:08:28.500,101.292
2011-01-01 00:08:29.000,101.887
2011-01-01 00:08:29.500,102.029
2011-01-01 00:08:30.000,101.066
2011-01-01 00:08:30.500,99.0635
2011-01-01 00:08:31.000,96.2087
2011-01-01 00:08:31.500,94.7408
2011-01-01 00:08:32.000,94.67399999999999
2011-01-01 00:08:32.500,94.9367
2011-01-01 00:08:33.000,95.1157
2011-01-01 00:08:33.500,94.8272
2011-01-01 00:08:34.000,93.2012
2011-01-01 00:08:34.500,92.3177
2011-01-01 00:08:35.000,93.0185
2011-01-01 00:08:35.500,94.0057
2011-01-01 00:08:36.000,94.9937
2011-01-01 00:08:36.500,95.1786
2011-01-01 00:08:37.000,93.8397
2011-01-01 00:08:37.500,93.038
2011-01-01 00:08:38.000,93.9744
2011-01-01 00:08:38.500,95.3165
2011-01-01 00:08:39.000,95.4771
2011-01-01 00:08:39.500,94.9367
2011-01-01 00:08:40.000,93.7606
2011-01-01 00:08:40.500,91.82
2011-01-01 00:08:41.000,91.2594
2011-01-01 00:08:41.500,90.6813
2011-01-01 00:08:42.000,89.6951
2011-01-01 00:08:42.500,88.9027
2011-01-01 00:08:43.000,87.0143
2011-01-01 00:08:43.500,87.7404
2011-01-01 00:08:44.000,90.064
2011-01-01 00:08:44.500,90.3614
2011-01-01 00:08:45.000,90.3614
2011-01-01 00:08:45.500,90.1212
2011-01-01 00:08:46.000,90.459
2011-01-01 00:08:46.500,91.3925
2011-01-01 00:08:47.000,91.3285
2011-01-01 00:08:47.500,90.655
2011-01-01 00:08:48.000,88.2727
2011-01-01 00:08:48.500,88.2727
2011-01-01 00:08:49.000,88.2727
2011-01-01 00:08:49.500,88.2727
2011-01-01 00:08:50.000,85.4585
2011-01-01 00:08:50.500,86.5278
2011-01-01 00:08:51.000,86.0372
2011-01-01 00:08:51.500,85.1788
2011-01-01 00:08:52.000,84.9255
2011-01-01 00:08:52.500,85.5348
2011-01-01 00:08:53.000,87.8245
2011-01-01 00:08:53.500,90.3808
2011-01-01 00:08:54.000,91.7086
2011-01-01 00:08:54.500,92.6327
2011-01-01 00:08:55.000,92.7242
2011-01-01 00:08:55.500,92.2866
2011-01-01 00:08:56.000,92.4426
2011-01-01 00:08:56.500,92.5926
2011-01-01 00:08:57.000,91.8519
2011-01-01 00:08:57.500,90.7053
2011-01-01 00:08:58.000,90.0
2011-01-01 00:08:58.500,89.4932
2011-01-01 00:08:59.000,88.3721
2011-01-01 00:08:59.500,85.6797
2011-01-01 00:09:00.000,82.3256
2011-01-01 00:09:00.500,83.9797
2011-01-01 00:09:01.000,83.9797
2011-01-01 00:09:01.500,83.9797
2011-01-01 00:09:02.000,83.9797
2011-01-01 00:09:02.500,83.9797
2011-01-01 00:09:03.000,83.9797
2011-01-01 00:09:03.500,83.9797
2011-01-01 00:09:04.000,83.9797
2011-01-01 00:09:04.500,83.9797
2011-01-01 00:09:05.000,83.9797
2011-01-01 00:09:05.500,100.40100000000001
2011-01-01 00:09:06.000,101.351
2011-01-01 00:09:06.500,101.829
2011-01-01 00:09:07.000,101.639
2011-01-01 00:09:07.500,99.6575
2011-01-01 00:09:08.000,97.2295
2011-01-01 00:09:08.500,95.82799999999999
2011-01-01 00:09:09.000,95.0559
2011-01-01 00:09:09.500,94.7771
2011-01-01 00:09:10.000,95.4352
2011-01-01 00:09:10.500,96.2817
2011-01-01 00:09:11.000,95.5082
2011-01-01 00:09:11.500,91.9956
2011-01-01 00:09:12.000,88.5296
2011-01-01 00:09:12.500,86.8362
2011-01-01 00:09:13.000,88.0425
2011-01-01 00:09:13.500,90.5698
2011-01-01 00:09:14.000,92.2194
2011-01-01 00:09:14.500,94.131
2011-01-01 00:09:15.000,95.9584
2011-01-01 00:09:15.500,96.5037
2011-01-01 00:09:16.000,96.1935
2011-01-01 00:09:16.500,96.2705
2011-01-01 00:09:17.000,96.4968
2011-01-01 00:09:17.500,96.074
2011-01-01 00:09:18.000,93.2622
2011-01-01 00:09:18.500,89.2552
2011-01-01 00:09:19.000,86.1426
2011-01-01 00:09:19.500,83.3625
2011-01-01 00:09:20.000,81.9672
2011-01-01 00:09:20.500,82.065
2011-01-01 00:09:21.000,82.5179
2011-01-01 00:09:21.500,84.5381
2011-01-01 00:09:22.000,87.0097
2011-01-01 00:09:22.500,88.3409
2011-01-01 00:09:23.000,90.1645
2011-01-01 00:09:23.500,92.2957
2011-01-01 00:09:24.000,93.1798
2011-01-01 00:09:24.500,92.8689
2011-01-01 00:09:25.000,92.2654
2011-01-01 00:09:25.500,91.5516
2011-01-01 00:09:26.000,91.5901
2011-01-01 00:09:26.500,92.7045
2011-01-01 00:09:27.000,93.5287
2011-01-01 00:09:27.500,94.03299999999999
2011-01-01 00:09:28.000,93.9247
2011-01-01 00:09:28.500,92.7893
2011-01-01 00:09:29.000,91.1456
2011-01-01 00:09:29.500,89.5017
2011-01-01 00:09:30.000,87.8392
2011-01-01 00:09:30.500,86.8966
2011-01-01 00:09:31.000,87.5538
2011-01-01 00:09:31.500,89.5294
2011-01-01 00:09:32.000,91.4118
2011-01-01 00:09:32.500,92.0976
2011-01-01 00:09:33.000,91.8634
2011-01-01 00:09:33.500,92.3496
2011-01-01 00:09:34.000,93.8328
2011-01-01 00:09:34.500,95.0143
2011-01-01 00:09:35.000,95.9167
2011-01-01 00:09:35.500,96.5385
2011-01-01 00:09:36.000,96.464
2011-01-01 00:09:36.500,96.6234
2011-01-01 00:09:37.000,97.581
2011-01-01 00:09:37.500,98.3766
2011-01-01 00:09:38.000,98.6002
2011-01-01 00:09:38.500,97.6452
2011-01-01 00:09:39.000,95.245
2011-01-01 00:09:39.500,92.656
2011-01-01 00:09:40.000,91.2376
2011-01-01 00:09:40.500,91.7358
2011-01-01 00:09:41.000,91.045
2011-01-01 00:09:41.500,88.9279
2011-01-01 00:09:42.000,88.0388
2011-01-01 00:09:42.500,87.7193
2011-01-01 00:09:43.000,89.0845
2011-01-01 00:09:43.500,90.9784
2011-01-01 00:09:44.000,91.8316
2011-01-01 00:09:44.500,92.3745
2011-01-01 00:09:45.000,94.2593
2011-01-01 00:09:45.500,96.4695
2011-01-01 00:09:46.000,97.8
2011-01-01 00:09:46.500,99.3794
2011-01-01 00:09:47.000,100.443
2011-01-01 00:09:47.500,101.03299999999999
2011-01-01 00:09:48.000,101.655
2011-01-01 00:09:48.500,102.245
2011-01-01 00:09:49.000,102.63600000000001
2011-01-01 00:09:49.500,102.611
2011-01-01 00:09:50.000,102.066
2011-01-01 00:09:50.500,100.824
2011-01-01 00:09:51.000,99.3474
2011-01-01 00:09:51.500,98.943
2011-01-01 00:09:52.000,98.715
2011-01-01 00:09:52.500,97.5079
2011-01-01 00:09:53.000,96.0414
2011-01-01 00:09:53.500,93.949
2011-01-01 00:09:54.000,93.5115
2011-01-01 00:09:54.500,94.6835
2011-01-01 00:09:55.000,94.8603
2011-01-01 00:09:55.500,94.5617
2011-01-01 00:09:56.000,93.4801
2011-01-01 00:09:56.500,92.2181
2011-01-01 00:09:57.000,92.4062
2011-01-01 00:09:57.500,94.2328
2011-01-01 00:09:58.000,95.2028
2011-01-01 00:09:58.500,94.9367
2011-01-01 00:09:59.000,94.0747
2011-01-01 00:09:59.500,92.7832
2011-01-01 00:10:00.000,92.7607
2011-01-01 00:10:00.500,93.4589
2011-01-01 00:10:01.000,93.3333
2011-01-01 00:10:01.500,92.0536
2011-01-01 00:10:02.000,90.3252
2011-01-01 00:10:02.500,90.4617
2011-01-01 00:10:03.000,91.4634
2011-01-01 00:10:03.500,90.9669
2011-01-01 00:10:04.000,89.7903
2011-01-01 00:10:04.500,88.4148
2011-01-01 00:10:05.000,85.9164
2011-01-01 00:10:05.500,83.7
2011-01-01 00:10:06.000,83.77799999999999
2011-01-01 00:10:06.500,85.7737
2011-01-01 00:10:07.000,87.37
2011-01-01 00:10:07.500,87.5375
2011-01-01 00:10:08.000,88.9871
2011-01-01 00:10:08.500,90.145
2011-01-01 00:10:09.000,89.6279
2011-01-01 00:10:09.500,88.8994
2011-01-01 00:10:10.000,87.3393
2011-01-01 00:10:10.500,87.5077
2011-01-01 00:10:11.000,89.5235
2011-01-01 00:10:11.500,90.5218
2011-01-01 00:10:12.000,90.0455
2011-01-01 00:10:12.500,88.9076
2011-01-01 00:10:13.000,88.2895
2011-01-01 00:10:13.500,87.8844
2011-01-01 00:10:14.000,89.8547
2011-01-01 00:10:14.500,90.8834
2011-01-01 00:10:15.000,89.0927
2011-01-01 00:10:15.500,88.0639
2011-01-01 00:10:16.000,87.7193
2011-01-01 00:10:16.500,86.8272
2011-01-01 00:10:17.000,85.3848
2011-01-01 00:10:17.500,85.0308
2011-01-01 00:10:18.000,86.1942
2011-01-01 00:10:18.500,86.6404
2011-01-01 00:10:19.000,84.9593
2011-01-01 00:10:19.500,85.712
2011-01-01 00:10:20.000,87.6723
2011-01-01 00:10:20.500,88.3041
2011-01-01 00:10:21.000,90.7407
2011-01-01 00:10:21.500,92.5926
2011-01-01 00:10:22.000,92.7789
2011-01-01 00:10:22.500,92.8607
2011-01-01 00:10:23.000,92.3746
2011-01-01 00:10:23.500,91.7283
2011-01-01 00:10:24.000,92.314
2011-01-01 00:10:24.500,93.5941
2011-01-01 00:10:25.000,94.0139
2011-01-01 00:10:25.500,93.2984
2011-01-01 00:10:26.000,92.3381
2011-01-01 00:10:26.500,92.2222
2011-01-01 00:10:27.000,92.7353
2011-01-01 00:10:27.500,93.7247
2011-01-01 00:10:28.000,94.3396
2011-01-01 00:10:28.500,95.255
2011-01-01 00:10:29.000,96.6332
2011-01-01 00:10:29.500,97.6129
2011-01-01 00:10:30.000,99.0918
2011-01-01 00:10:30.500,100.36200000000001
2011-01-01 00:10:31.000,101.279
2011-01-01 00:10:31.500,101.964
2011-01-01 00:10:32.000,101.67399999999999
2011-01-01 00:10:32.500,100.98899999999999
2011-01-01 00:10:33.000,100.471
2011-01-01 00:10:33.500,99.1552
2011-01-01 00:10:34.000,98.949
2011-01-01 00:10:34.500,98.7552
2011-01-01 00:10:35.000,96.9121
2011-01-01 00:10:35.500,95.5816
2011-01-01 00:10:36.000,94.0792
2011-01-01 00:10:36.500,92.1016
2011-01-01 00:10:37.000,92.0427
2011-01-01 00:10:37.500,93.0909
2011-01-01 00:10:38.000,92.0118
2011-01-01 00:10:38.500,90.6265
2011-01-01 00:10:39.000,90.3614
2011-01-01 00:10:39.500,90.889
2011-01-01 00:10:40.000,92.3178
2011-01-01 00:10:40.500,93.4845
2011-01-01 00:10:41.000,92.6023
2011-01-01 00:10:41.500,90.4035
2011-01-01 00:10:42.000,88.5053
2011-01-01 00:10:42.500,87.4337
2011-01-01 00:10:43.000,87.9817
2011-01-01 00:10:43.500,89.0199
2011-01-01 00:10:44.000,89.1995
2011-01-01 00:10:44.500,87.6601
2011-01-01 00:10:45.000,85.4074
2011-01-01 00:10:45.500,84.59899999999999
2011-01-01 00:10:46.000,85.8997
2011-01-01 00:10:46.500,87.4276
2011-01-01 00:10:47.000,86.6124
2011-01-01 00:10:47.500,84.2472
2011-01-01 00:10:48.000,84.2472
2011-01-01 00:10:48.500,84.2472
2011-01-01 00:10:49.000,84.2472
2011-01-01 00:10:49.500,84.2472
2011-01-01 00:10:50.000,78.6536
2011-01-01 00:10:50.500,79.6562
2011-01-01 00:10:51.000,81.1394
2011-01-01 00:10:51.500,82.7807
2011-01-01 00:10:52.000,84.3619
2011-01-01 00:10:52.500,87.2078
2011-01-01 00:10:53.000,89.23700000000001
2011-01-01 00:10:53.500,89.5195
2011-01-01 00:10:54.000,90.3312
2011-01-01 00:10:54.500,89.8677
2011-01-01 00:10:55.000,88.0063
2011-01-01 00:10:55.500,87.0414
2011-01-01 00:10:56.000,88.0911
2011-01-01 00:10:56.500,89.521
2011-01-01 00:10:57.000,90.3878
2011-01-01 00:10:57.500,91.3881
2011-01-01 00:10:58.000,91.333
2011-01-01 00:10:58.500,90.4083
2011-01-01 00:10:59.000,90.6734
2011-01-01 00:10:59.500,92.1826
2011-01-01 00:11:00.000,93.3356
2011-01-01 00:11:00.500,93.4565
2011-01-01 00:11:01.000,92.3546
2011-01-01 00:11:01.500,91.3362
2011-01-01 00:11:02.000,91.2971
2011-01-01 00:11:02.500,91.4634
2011-01-01 00:11:03.000,91.4634
2011-01-01 00:11:03.500,90.5948
2011-01-01 00:11:04.000,88.6265
2011-01-01 00:11:04.500,86.6206
2011-01-01 00:11:05.000,87.1432
2011-01-01 00:11:05.500,88.9109
2011-01-01 00:11:06.000,88.7425
2011-01-01 00:11:06.500,85.1013
2011-01-01 00:11:07.000,81.9672
2011-01-01 00:11:07.500,81.9998
2011-01-01 00:11:08.000,82.4527
2011-01-01 00:11:08.500,84.546
2011-01-01 00:11:09.000,87.2961
2011-01-01 00:11:09.500,88.5653
2011-01-01 00:11:10.000,89.2421
2011-01-01 00:11:10.500,89.9294
2011-01-01 00:11:11.000,90.5234
2011-01-01 00:11:11.500,91.7537
2011-01-01 00:11:12.000,93.4242
2011-01-01 00:11:12.500,93.3198
2011-01-01 00:11:13.000,91.3296
2011-01-01 00:11:13.500,89.2661
2011-01-01 00:11:14.000,89.5829
2011-01-01 00:11:14.500,91.4882
2011-01-01 00:11:15.000,92.2186
2011-01-01 00:11:15.500,92.0078
2011-01-01 00:11:16.000,89.6825
2011-01-01 00:11:16.500,87.5357
2011-01-01 00:11:17.000,86.4565
2011-01-01 00:11:17.500,83.9893
2011-01-01 00:11:18.000,85.2325
2011-01-01 00:11:18.500,87.0735
2011-01-01 00:11:19.000,85.1266
2011-01-01 00:11:19.500,85.6814
2011-01-01 00:11:20.000,87.9651
2011-01-01 00:11:20.500,88.9019
2011-01-01 00:11:21.000,88.8873
2011-01-01 00:11:21.500,87.6985
2011-01-01 00:11:22.000,87.20100000000001
2011-01-01 00:11:22.500,88.1173
2011-01-01 00:11:23.000,88.9118
2011-01-01 00:11:23.500,89.7935
2011-01-01 00:11:24.000,89.6765
2011-01-01 00:11:24.500,88.3208
2011-01-01 00:11:25.000,86.6521
2011-01-01 00:11:25.500,86.3542
2011-01-01 00:11:26.000,87.3479
2011-01-01 00:11:26.500,87.7306
2011-01-01 00:11:27.000,86.0145
2011-01-01 00:11:27.500,85.2927
2011-01-01 00:11:28.000,87.2668
2011-01-01 00:11:28.500,89.2897
2011-01-01 00:11:29.000,88.79799999999999
2011-01-01 00:11:29.500,87.0666
2011-01-01 00:11:30.000,87.1013
2011-01-01 00:11:30.500,88.2948
2011-01-01 00:11:31.000,89.7633
2011-01-01 00:11:31.500,90.0
2011-01-01 00:11:32.000,89.5801
2011-01-01 00:11:32.500,89.6108
2011-01-01 00:11:33.000,90.2994
2011-01-01 00:11:33.500,90.999
2011-01-01 00:11:34.000,91.0714
2011-01-01 00:11:34.500,90.1045
2011-01-01 00:11:35.000,90.0195
2011-01-01 00:11:35.500,90.8312
2011-01-01 00:11:36.000,91.2841
2011-01-01 00:11:36.500,92.7045
2011-01-01 00:11:37.000,92.3523
2011-01-01 00:11:37.500,90.5704
2011-01-01 00:11:38.000,90.09200000000001
2011-01-01 00:11:38.500,90.1796
2011-01-01 00:11:39.000,91.477
2011-01-01 00:11:39.500,92.3926
2011-01-01 00:11:40.000,91.9964
2011-01-01 00:11:40.500,91.6074
2011-01-01 00:11:41.000,91.1619
2011-01-01 00:11:41.500,91.12200000000001
2011-01-01 00:11:42.000,91.7877
2011-01-01 00:11:42.500,92.3337
2011-01-01 00:11:43.000,90.5921
2011-01-01 00:11:43.500,87.9201
2011-01-01 00:11:44.000,87.4514
2011-01-01 00:11:44.500,88.6984
2011-01-01 00:11:45.000,91.0847
2011-01-01 00:11:45.500,92.1454
2011-01-01 00:11:46.000,91.5808
2011-01-01 00:11:46.500,91.5105
2011-01-01 00:11:47.000,91.7911
2011-01-01 00:11:47.500,92.0245
2011-01-01 00:11:48.000,91.8674
2011-01-01 00:11:48.500,91.6564
2011-01-01 00:11:49.000,91.8136
2011-01-01 00:11:49.500,91.7597
2011-01-01 00:11:50.000,91.8359
2011-01-01 00:11:50.500,92.5793
2011-01-01 00:11:51.000,93.3823
2011-01-01 00:11:51.500,94.0613
2011-01-01 00:11:52.000,94.5737
2011-01-01 00:11:52.500,95.0294
2011-01-01 00:11:53.000,95.3963
2011-01-01 00:11:53.500,95.5366
2011-01-01 00:11:54.000,94.9357
2011-01-01 00:11:54.500,95.0073
2011-01-01 00:11:55.000,95.4717
2011-01-01 00:11:55.500,95.06700000000001
2011-01-01 00:11:56.000,95.8198
2011-01-01 00:11:56.500,97.0809
2011-01-01 00:11:57.000,96.7027
2011-01-01 00:11:57.500,96.3891
2011-01-01 00:11:58.000,97.2328
2011-01-01 00:11:58.500,97.2177
2011-01-01 00:11:59.000,95.8334
2011-01-01 00:11:59.500,93.6169
2011-01-01 00:12:00.000,91.756
2011-01-01 00:12:00.500,91.027
2011-01-01 00:12:01.000,90.6002
2011-01-01 00:12:01.500,89.7198
2011-01-01 00:12:02.000,88.8009
2011-01-01 00:12:02.500,88.3343
2011-01-01 00:12:03.000,87.6772
2011-01-01 00:12:03.500,88.5264
2011-01-01 00:12:04.000,90.5949
2011-01-01 00:12:04.500,91.6123
2011-01-01 00:12:05.000,91.1198
2011-01-01 00:12:05.500,89.3574
2011-01-01 00:12:06.000,88.6616
2011-01-01 00:12:06.500,90.0
2011-01-01 00:12:07.000,91.8114
2011-01-01 00:12:07.500,91.3095
2011-01-01 00:12:08.000,89.2076
2011-01-01 00:12:08.500,87.79899999999999
2011-01-01 00:12:09.000,87.2093
2011-01-01 00:12:09.500,88.281
2011-01-01 00:12:10.000,90.1498
2011-01-01 00:12:10.500,91.4458
2011-01-01 00:12:11.000,91.1531
2011-01-01 00:12:11.500,89.4103
2011-01-01 00:12:12.000,87.7363
2011-01-01 00:12:12.500,86.3639
2011-01-01 00:12:13.000,86.9143
2011-01-01 00:12:13.500,88.3293
2011-01-01 00:12:14.000,88.4046
2011-01-01 00:12:14.500,87.485
2011-01-01 00:12:15.000,87.1392
2011-01-01 00:12:15.500,87.7722
2011-01-01 00:12:16.000,88.2046
2011-01-01 00:12:16.500,89.1293
2011-01-01 00:12:17.000,90.2515
2011-01-01 00:12:17.500,90.6666
2011-01-01 00:12:18.000,90.4671
2011-01-01 00:12:18.500,90.0519
2011-01-01 00:12:19.000,90.2602
2011-01-01 00:12:19.500,90.4085
2011-01-01 00:12:20.000,89.6257
2011-01-01 00:12:20.500,88.6849
2011-01-01 00:12:21.000,87.6355
2011-01-01 00:12:21.500,87.1765
2011-01-01 00:12:22.000,87.7867
2011-01-01 00:12:22.500,88.5068
2011-01-01 00:12:23.000,88.4003
2011-01-01 00:12:23.500,87.7996
2011-01-01 00:12:24.000,87.3827
2011-01-01 00:12:24.500,88.6971
2011-01-01 00:12:25.000,90.6126
2011-01-01 00:12:25.500,91.0843
2011-01-01 00:12:26.000,90.7449
2011-01-01 00:12:26.500,89.5787
2011-01-01 00:12:27.000,88.4528
2011-01-01 00:12:27.500,88.3228
2011-01-01 00:12:28.000,89.7225
2011-01-01 00:12:28.500,91.1685
2011-01-01 00:12:29.000,91.1019
2011-01-01 00:12:29.500,90.6497
2011-01-01 00:12:30.000,90.7163
2011-01-01 00:12:30.500,93.1697
2011-01-01 00:12:31.000,93.1697
2011-01-01 00:12:31.500,93.1697
2011-01-01 00:12:32.000,93.1697
2011-01-01 00:12:32.500,93.1697
2011-01-01 00:12:33.000,98.0392
2011-01-01 00:12:33.500,98.3127
2011-01-01 00:12:34.000,98.4314
2011-01-01 00:12:34.500,97.525
2011-01-01 00:12:35.000,95.7277
2011-01-01 00:12:35.500,93.9248
2011-01-01 00:12:36.000,93.1677
2011-01-01 00:12:36.500,93.6701
2011-01-01 00:12:37.000,94.4638
2011-01-01 00:12:37.500,94.5474
2011-01-01 00:12:38.000,94.3396
2011-01-01 00:12:38.500,94.7963
2011-01-01 00:12:39.000,95.3972
2011-01-01 00:12:39.500,95.3193
2011-01-01 00:12:40.000,94.4236
2011-01-01 00:12:40.500,93.4682
2011-01-01 00:12:41.000,93.375
2011-01-01 00:12:41.500,93.8942
2011-01-01 00:12:42.000,94.6635
2011-01-01 00:12:42.500,95.62799999999999
2011-01-01 00:12:43.000,96.1538
2011-01-01 00:12:43.500,96.3524
2011-01-01 00:12:44.000,96.9155
2011-01-01 00:12:44.500,97.7165
2011-01-01 00:12:45.000,98.4185
2011-01-01 00:12:45.500,98.9979
2011-01-01 00:12:46.000,98.8364
2011-01-01 00:12:46.500,97.0679
2011-01-01 00:12:47.000,94.6187
2011-01-01 00:12:47.500,93.0278
2011-01-01 00:12:48.000,92.8663
2011-01-01 00:12:48.500,93.1539
2011-01-01 00:12:49.000,92.8473
2011-01-01 00:12:49.500,91.9952
2011-01-01 00:12:50.000,91.4634
2011-01-01 00:12:50.500,91.88799999999999
2011-01-01 00:12:51.000,92.4526
2011-01-01 00:12:51.500,92.5023
2011-01-01 00:12:52.000,91.9377
2011-01-01 00:12:52.500,91.7013
2011-01-01 00:12:53.000,92.4512
2011-01-01 00:12:53.500,93.4344
2011-01-01 00:12:54.000,94.1226
2011-01-01 00:12:54.500,95.2395
2011-01-01 00:12:55.000,96.3774
2011-01-01 00:12:55.500,96.8531
2011-01-01 00:12:56.000,97.1613
2011-01-01 00:12:56.500,97.0029
2011-01-01 00:12:57.000,96.7742
2011-01-01 00:12:57.500,96.5285
2011-01-01 00:12:58.000,95.4061
2011-01-01 00:12:58.500,93.9985
2011-01-01 00:12:59.000,93.9037
2011-01-01 00:12:59.500,94.6334
2011-01-01 00:13:00.000,94.71700000000001
2011-01-01 00:13:00.500,94.1607
2011-01-01 00:13:01.000,93.3997
2011-01-01 00:13:01.500,92.5047
2011-01-01 00:13:02.000,93.2709
2011-01-01 00:13:02.500,94.3758
2011-01-01 00:13:03.000,94.0841
2011-01-01 00:13:03.500,94.1487
2011-01-01 00:13:04.000,94.6501
2011-01-01 00:13:04.500,95.40899999999999
2011-01-01 00:13:05.000,95.2292
2011-01-01 00:13:05.500,93.9423
2011-01-01 00:13:06.000,93.5287
2011-01-01 00:13:06.500,92.6524
2011-01-01 00:13:07.000,92.25
2011-01-01 00:13:07.500,93.3476
2011-01-01 00:13:08.000,93.8558
2011-01-01 00:13:08.500,95.0577
2011-01-01 00:13:09.000,97.2166
2011-01-01 00:13:09.500,98.2805
2011-01-01 00:13:10.000,98.4202
2011-01-01 00:13:10.500,99.2077
2011-01-01 00:13:11.000,100.949
2011-01-01 00:13:11.500,102.041
2011-01-01 00:13:12.000,101.751
2011-01-01 00:13:12.500,101.86200000000001
2011-01-01 00:13:13.000,101.83200000000001
2011-01-01 00:13:13.500,100.059
2011-01-01 00:13:14.000,97.1287
2011-01-01 00:13:14.500,95.5414
2011-01-01 00:13:15.000,95.5414
2011-01-01 00:13:15.500,96.5285
2011-01-01 00:13:16.000,98.5299
2011-01-01 00:13:16.500,99.9256
2011-01-01 00:13:17.000,101.523
2011-01-01 00:13:17.500,102.74
2011-01-01 00:13:18.000,103.015
2011-01-01 00:13:18.500,103.815
2011-01-01 00:13:19.000,104.445
2011-01-01 00:13:19.500,104.359
2011-01-01 00:13:20.000,103.93
2011-01-01 00:13:20.500,102.523
2011-01-01 00:13:21.000,100.039
2011-01-01 00:13:21.500,99.2108
2011-01-01 00:13:22.000,100.427
2011-01-01 00:13:22.500,102.01700000000001
2011-01-01 00:13:23.000,103.52
2011-01-01 00:13:23.500,103.734
2011-01-01 00:13:24.000,103.734
2011-01-01 00:13:24.500,103.734
2011-01-01 00:13:25.000,103.734
2011-01-01 00:13:25.500,103.734
2011-01-01 00:13:26.000,103.734
2011-01-01 00:13:26.500,103.734
2011-01-01 00:13:27.000,103.734
2011-01-01 00:13:27.500,88.9034
2011-01-01 00:13:28.000,90.5565
2011-01-01 00:13:28.500,92.8345
2011-01-01 00:13:29.000,94.6083
2011-01-01 00:13:29.500,95.8343
2011-01-01 00:13:30.000,96.8482
2011-01-01 00:13:30.500,97.4026
2011-01-01 00:13:31.000,96.7996
2011-01-01 00:13:31.500,95.7505
2011-01-01 00:13:32.000,95.1984
2011-01-01 00:13:32.500,95.6232
2011-01-01 00:13:33.000,95.3556
2011-01-01 00:13:33.500,95.1886
2011-01-01 00:13:34.000,96.29700000000001
2011-01-01 00:13:34.500,96.9806
2011-01-01 00:13:35.000,98.5935
2011-01-01 00:13:35.500,99.6927
2011-01-01 00:13:36.000,100.335
2011-01-01 00:13:36.500,101.10700000000001
2011-01-01 00:13:37.000,100.581
2011-01-01 00:13:37.500,100.60799999999999
2011-01-01 00:13:38.000,101.863
2011-01-01 00:13:38.500,102.057
2011-01-01 00:13:39.000,101.09
2011-01-01 00:13:39.500,98.6351
2011-01-01 00:13:40.000,95.9158
2011-01-01 00:13:40.500,97.0263
2011-01-01 00:13:41.000,98.6842
2011-01-01 00:13:41.500,97.8285
2011-01-01 00:13:42.000,96.075
2011-01-01 00:13:42.500,94.9891
2011-01-01 00:13:43.000,95.2904
2011-01-01 00:13:43.500,96.5911
2011-01-01 00:13:44.000,97.9768
2011-01-01 00:13:44.500,98.1818
2011-01-01 00:13:45.000,97.6077
2011-01-01 00:13:45.500,97.541
2011-01-01 00:13:46.000,98.1818
2011-01-01 00:13:46.500,99.6777
2011-01-01 00:13:47.000,100.4
2011-01-01 00:13:47.500,100.26799999999999
2011-01-01 00:13:48.000,100.54
2011-01-01 00:13:48.500,100.522
2011-01-01 00:13:49.000,99.8712
2011-01-01 00:13:49.500,100.361
2011-01-01 00:13:50.000,101.068
2011-01-01 00:13:50.500,100.09200000000001
2011-01-01 00:13:51.000,98.6369
2011-01-01 00:13:51.500,97.5
2011-01-01 00:13:52.000,97.9049
2011-01-01 00:13:52.500,97.7598
2011-01-01 00:13:53.000,95.0759
2011-01-01 00:13:53.500,93.0363
2011-01-01 00:13:54.000,92.9701
2011-01-01 00:13:54.500,91.5022
2011-01-01 00:13:55.000,90.9403
2011-01-01 00:13:55.500,92.0374
2011-01-01 00:13:56.000,91.9676
2011-01-01 00:13:56.500,92.8354
2011-01-01 00:13:57.000,94.0212
2011-01-01 00:13:57.500,94.125
2011-01-01 00:13:58.000,93.7466
2011-01-01 00:13:58.500,93.3517
2011-01-01 00:13:59.000,93.1677
2011-01-01 00:13:59.500,93.3983
2011-01-01 00:14:00.000,94.148
2011-01-01 00:14:00.500,95.3425
2011-01-01 00:14:01.000,96.7256
2011-01-01 00:14:01.500,98.0588
2011-01-01 00:14:02.000,99.4869
2011-01-01 00:14:02.500,100.69
2011-01-01 00:14:03.000,101.221
2011-01-01 00:14:03.500,101.524
2011-01-01 00:14:04.000,102.21799999999999
2011-01-01 00:14:04.500,102.74
2011-01-01 00:14:05.000,101.49
2011-01-01 00:14:05.500,99.1959
2011-01-01 00:14:06.000,99.1959
2011-01-01 00:14:06.500,99.1959
2011-01-01 00:14:07.000,99.1959
2011-01-01 00:14:07.500,99.1959
2011-01-01 00:14:08.000,99.1959
2011-01-01 00:14:08.500,99.1959
2011-01-01 00:14:09.000,99.1959
2011-01-01 00:14:09.500,99.1959
2011-01-01 00:14:10.000,99.1959
2011-01-01 00:14:10.500,99.1959
2011-01-01 00:14:11.000,99.1959
2011-01-01 00:14:11.500,82.1587
2011-01-01 00:14:12.000,84.4073
2011-01-01 00:14:12.500,85.8818
2011-01-01 00:14:13.000,86.1281
2011-01-01 00:14:13.500,86.2069
2011-01-01 00:14:14.000,87.1156
2011-01-01 00:14:14.500,87.06700000000001
2011-01-01 00:14:15.000,85.0111
2011-01-01 00:14:15.500,82.4968
2011-01-01 00:14:16.000,81.0811
2011-01-01 00:14:16.500,81.1827
2011-01-01 00:14:17.000,81.8509
2011-01-01 00:14:17.500,78.7123
2011-01-01 00:14:18.000,73.4366
2011-01-01 00:14:18.500,73.8118
2011-01-01 00:14:19.000,76.5512
2011-01-01 00:14:19.500,78.355
2011-01-01 00:14:20.000,79.7589
2011-01-01 00:14:20.500,80.3707
2011-01-01 00:14:21.000,80.8348
2011-01-01 00:14:21.500,81.7173
2011-01-01 00:14:22.000,83.2031
2011-01-01 00:14:22.500,84.8835
2011-01-01 00:14:23.000,85.7143
2011-01-01 00:14:23.500,85.8857
2011-01-01 00:14:24.000,85.556
2011-01-01 00:14:24.500,83.7363
2011-01-01 00:14:25.000,83.8154
2011-01-01 00:14:25.500,84.1361
2011-01-01 00:14:26.000,81.4231
2011-01-01 00:14:26.500,79.1957
2011-01-01 00:14:27.000,78.5691
2011-01-01 00:14:27.500,78.53399999999999
2011-01-01 00:14:28.000,80.0584
2011-01-01 00:14:28.500,81.4947
2011-01-01 00:14:29.000,81.0259
2011-01-01 00:14:29.500,81.4747
2011-01-01 00:14:30.000,83.3899
2011-01-01 00:14:30.500,85.5195
2011-01-01 00:14:31.000,85.8953
2011-01-01 00:14:31.500,85.0616
2011-01-01 00:14:32.000,84.5662
2011-01-01 00:14:32.500,83.5546
2011-01-01 00:14:33.000,84.4518
2011-01-01 00:14:33.500,85.0348
2011-01-01 00:14:34.000,82.34200000000001
2011-01-01 00:14:34.500,81.0624
2011-01-01 00:14:35.000,81.2903
2011-01-01 00:14:35.500,80.8731
2011-01-01 00:14:36.000,82.2094
2011-01-01 00:14:36.500,82.7825
2011-01-01 00:14:37.000,81.0877
2011-01-01 00:14:37.500,81.6285
2011-01-01 00:14:38.000,83.4498
2011-01-01 00:14:38.500,84.6325
2011-01-01 00:14:39.000,86.2239
2011-01-01 00:14:39.500,87.0016
2011-01-01 00:14:40.000,86.3185
2011-01-01 00:14:40.500,85.3119
2011-01-01 00:14:41.000,85.4939
2011-01-01 00:14:41.500,86.3644
2011-01-01 00:14:42.000,87.2731
2011-01-01 00:14:42.500,90.0245
2011-01-01 00:14:43.000,92.0245
2011-01-01 00:14:43.500,92.5767
2011-01-01 00:14:44.000,93.65299999999999
2011-01-01 00:14:44.500,94.586
2011-01-01 00:14:45.000,95.2681
2011-01-01 00:14:45.500,94.5444
2011-01-01 00:14:46.000,94.0127
2011-01-01 00:14:46.500,94.5733
2011-01-01 00:14:47.000,93.6306
2011-01-01 00:14:47.500,94.06700000000001
2011-01-01 00:14:48.000,95.0943
2011-01-01 00:14:48.500,94.9216
2011-01-01 00:14:49.000,96.1808
2011-01-01 00:14:49.500,98.9515
2011-01-01 00:14:50.000,101.73899999999999
2011-01-01 00:14:50.500,102.14
2011-01-01 00:14:51.000,101.214
2011-01-01 00:14:51.500,100.946
2011-01-01 00:14:52.000,101.177
2011-01-01 00:14:52.500,101.52
2011-01-01 00:14:53.000,102.928
2011-01-01 00:14:53.500,103.476
2011-01-01 00:14:54.000,103.333
2011-01-01 00:14:54.500,104.024
2011-01-01 00:14:55.000,104.167
2011-01-01 00:14:55.500,104.292
2011-01-01 00:14:56.000,104.583
2011-01-01 00:14:56.500,104.441
2011-01-01 00:14:57.000,103.79
2011-01-01 00:14:57.500,101.62299999999999
2011-01-01 00:14:58.000,99.5679
2011-01-01 00:14:58.500,99.1835
2011-01-01 00:14:59.000,98.8567
