timestamp,Tot. Photo Curr. mA,Battery mV,Tot. System Curr. mA
2018-04-12 00:00:00,325,8272,219
2018-04-12 00:01:00,270,8272,210
2018-04-12 00:02:00,334,8292,210
2018-04-12 00:03:00,304,8282,219
2018-04-12 00:04:00,278,8282,219
2018-04-12 00:05:00,275,8282,210
2018-04-12 00:06:00,321,8292,219
2018-04-12 00:07:00,348,8303,215
2018-04-12 00:08:00,257,8282,215
2018-04-12 00:09:00,246,8282,224
2018-04-12 00:10:00,246,8282,215
2018-04-12 00:11:00,266,8282,224
2018-04-12 00:12:00,308,8303,215
2018-04-12 00:13:00,297,8303,224
2018-04-12 00:14:00,271,8282,224
2018-04-12 00:15:00,278,8292,219
2018-04-12 00:16:00,314,8303,224
2018-04-12 00:17:00,273,8292,206
2018-04-12 00:18:00,265,8292,224
2018-04-12 00:19:00,251,8282,228
2018-04-12 00:20:00,292,8292,224
2018-04-12 00:21:00,276,8292,215
2018-04-12 00:22:00,256,8282,219
2018-04-12 00:23:00,246,8282,219
2018-04-12 00:24:00,254,8282,228
2018-04-12 00:25:00,276,8292,224
2018-04-12 00:26:00,270,8292,219
2018-04-12 00:27:00,243,8282,219
2018-04-12 00:28:00,251,8282,224
2018-04-12 00:29:00,272,8292,228
2018-04-12 00:30:00,240,8282,224
2018-04-12 00:31:00,250,8282,219
2018-04-12 00:32:00,229,8282,219
2018-04-12 00:33:00,240,8282,224
2018-04-12 00:34:00,259,8292,224
2018-04-12 00:35:00,285,8292,215
2018-04-12 00:36:00,232,8282,219
2018-04-12 00:37:00,214,8282,224
2018-04-12 00:38:00,244,8292,219
2018-04-12 00:39:00,310,8292,215
2018-04-12 00:40:00,302,8292,224
2018-04-12 00:41:00,266,8292,215
2018-04-12 00:42:00,216,8282,219
2018-04-12 00:43:00,235,8282,219
2018-04-12 00:44:00,246,8292,219
2018-04-12 00:45:00,288,8292,206
2018-04-12 00:46:00,280,8292,215
2018-04-12 00:47:00,292,8292,219
2018-04-12 00:48:00,251,8292,206
2018-04-12 00:49:00,208,8282,215
2018-04-12 00:50:00,245,8282,224
2018-04-12 00:51:00,223,8282,206
2018-04-12 00:52:00,300,8303,219
2018-04-12 00:53:00,273,8292,219
2018-04-12 00:54:00,230,8282,219
2018-04-12 00:55:00,230,8282,219
2018-04-12 00:56:00,227,8282,210
2018-04-12 00:57:00,303,8292,215
2018-04-12 00:58:00,256,8292,206
2018-04-12 00:59:00,240,8282,224
2018-04-12 01:00:00,255,8292,206
2018-04-12 01:01:00,243,8292,224
2018-04-12 01:02:00,293,8292,201
2018-04-12 01:03:00,265,8292,215
2018-04-12 01:04:00,249,8292,201
2018-04-12 01:05:00,253,8292,224
2018-04-12 01:06:00,251,8292,206
2018-04-12 01:07:00,246,8282,228
2018-04-12 01:08:00,238,8282,219
2018-04-12 01:09:00,217,8282,224
2018-04-12 01:10:00,248,8282,224
2018-04-12 01:11:00,151,8272,224
2018-04-12 01:12:00,3,8221,201
2018-04-12 01:13:00,0,8232,151
2018-04-12 01:14:00,0,8232,146
2018-04-12 01:15:00,0,8221,146
2018-04-12 01:16:00,0,8221,146
2018-04-12 01:17:00,0,8221,141
2018-04-12 01:18:00,0,8211,146
2018-04-12 01:19:00,0,8211,146
2018-04-12 01:20:00,0,8211,146
2018-04-12 01:21:00,0,8211,146
2018-04-12 01:22:00,0,8201,141
2018-04-12 01:23:00,0,8201,146
2018-04-12 01:24:00,0,8191,141
2018-04-12 01:25:00,0,8191,141
2018-04-12 01:26:00,0,8191,146
2018-04-12 01:27:00,0,8191,146
2018-04-12 01:28:00,0,8181,146
2018-04-12 01:29:00,0,8181,146
2018-04-12 01:30:00,0,8181,146
2018-04-12 01:31:00,313,8242,219
2018-04-12 01:32:00,315,8252,215
2018-04-12 01:33:00,283,8252,206
2018-04-12 01:34:00,305,8262,219
2018-04-12 01:35:00,324,8272,228
2018-04-12 01:36:00,307,8272,219
2018-04-12 01:37:00,237,8262,215
2018-04-12 01:38:00,294,8272,224
2018-04-12 01:39:00,287,8272,210
2018-04-12 01:40:00,287,8272,210
2018-04-12 01:41:00,287,8272,210
2018-04-12 01:42:00,287,8272,210
2018-04-12 01:43:00,287,8272,210
2018-04-12 01:44:00,287,8272,210
2018-04-12 01:45:00,287,8272,210
2018-04-12 01:46:00,287,8272,210
2018-04-12 01:47:00,287,8272,210
2018-04-12 01:48:00,287,8272,210
2018-04-12 01:49:00,287,8272,210
2018-04-12 01:50:00,287,8272,210
2018-04-12 01:51:00,287,8272,210
2018-04-12 01:52:00,287,8272,210
2018-04-12 01:53:00,287,8272,210
2018-04-12 01:54:00,287,8272,210
2018-04-12 01:55:00,287,8272,210
2018-04-12 01:56:00,287,8272,210
2018-04-12 01:57:00,287,8272,210
2018-04-12 01:58:00,287,8272,210
2018-04-12 01:59:00,287,8272,210
2018-04-12 02:00:00,287,8272,210
2018-04-12 02:01:00,287,8272,210
2018-04-12 02:02:00,287,8272,210
2018-04-12 02:03:00,287,8272,210
2018-04-12 02:04:00,287,8272,210
2018-04-12 02:05:00,287,8272,210
2018-04-12 02:06:00,287,8272,210
2018-04-12 02:07:00,287,8272,210
2018-04-12 02:08:00,287,8272,210
2018-04-12 02:09:00,287,8272,210
2018-04-12 02:10:00,287,8272,210
2018-04-12 02:11:00,287,8272,210
2018-04-12 02:12:00,287,8272,210
2018-04-12 02:13:00,287,8272,210
2018-04-12 02:14:00,287,8272,210
2018-04-12 02:15:00,287,8272,210
2018-04-12 02:16:00,287,8272,210
2018-04-12 02:17:00,287,8272,210
2018-04-12 02:18:00,287,8272,210
2018-04-12 02:19:00,287,8272,210
2018-04-12 02:20:00,287,8272,210
2018-04-12 02:21:00,287,8272,210
2018-04-12 02:22:00,287,8272,210
2018-04-12 02:23:00,287,8272,210
2018-04-12 02:24:00,287,8272,210
2018-04-12 02:25:00,287,8272,210
2018-04-12 02:26:00,287,8272,210
2018-04-12 02:27:00,287,8272,210
2018-04-12 02:28:00,287,8272,210
2018-04-12 02:29:00,287,8272,210
2018-04-12 02:30:00,287,8272,210
2018-04-12 02:31:00,287,8272,210
2018-04-12 02:32:00,287,8272,210
2018-04-12 02:33:00,287,8272,210
2018-04-12 02:34:00,287,8272,210
2018-04-12 02:35:00,287,8272,210
2018-04-12 02:36:00,287,8272,210
2018-04-12 02:37:00,287,8272,210
2018-04-12 02:38:00,287,8272,210
2018-04-12 02:39:00,287,8272,210
2018-04-12 02:40:00,287,8272,210
2018-04-12 02:41:00,287,8272,210
2018-04-12 02:42:00,287,8272,210
2018-04-12 02:43:00,287,8272,210
2018-04-12 02:44:00,287,8272,210
2018-04-12 02:45:00,287,8272,210
2018-04-12 02:46:00,287,8272,210
2018-04-12 02:47:00,287,8272,210
2018-04-12 02:48:00,287,8272,210
2018-04-12 02:49:00,287,8272,210
2018-04-12 02:50:00,287,8272,210
2018-04-12 02:51:00,287,8272,210
2018-04-12 02:52:00,287,8272,210
2018-04-12 02:53:00,287,8272,210
2018-04-12 02:54:00,287,8272,210
2018-04-12 02:55:00,287,8272,210
2018-04-12 02:56:00,287,8272,210
2018-04-12 02:57:00,287,8272,210
2018-04-12 02:58:00,287,8272,210
2018-04-12 02:59:00,287,8272,210
2018-04-12 03:00:00,287,8272,210
2018-04-12 03:01:00,287,8272,210
2018-04-12 03:02:00,287,8272,210
2018-04-12 03:03:00,287,8272,210
2018-04-12 03:04:00,287,8272,210
2018-04-12 03:05:00,287,8272,210
2018-04-12 03:06:00,287,8272,210
2018-04-12 03:07:00,287,8272,210
2018-04-12 03:08:00,287,8272,210
2018-04-12 03:09:00,287,8272,210
2018-04-12 03:10:00,287,8272,210
2018-04-12 03:11:00,287,8272,210
2018-04-12 03:12:00,235,8242,215
2018-04-12 03:13:00,303,8262,215
2018-04-12 03:14:00,318,8272,224
2018-04-12 03:15:00,273,8262,219
2018-04-12 03:16:00,229,8252,215
2018-04-12 03:17:00,326,8292,215
2018-04-12 03:18:00,326,8282,224
2018-04-12 03:19:00,285,8282,219
2018-04-12 03:20:00,262,8272,206
2018-04-12 03:21:00,335,8303,224
2018-04-12 03:22:00,329,8292,215
2018-04-12 03:23:00,277,8282,219
2018-04-12 03:24:00,214,8272,215
2018-04-12 03:25:00,260,8282,206
2018-04-12 03:26:00,292,8292,215
2018-04-12 03:27:00,300,8292,224
2018-04-12 03:28:00,272,8292,219
2018-04-12 03:29:00,265,8292,215
2018-04-12 03:30:00,285,8292,219
2018-04-12 03:31:00,270,8282,219
2018-04-12 03:32:00,259,8282,219
2018-04-12 03:33:00,273,8292,219
2018-04-12 03:34:00,285,8292,228
2018-04-12 03:35:00,269,8292,224
2018-04-12 03:36:00,278,8292,210
2018-04-12 03:37:00,266,8282,219
2018-04-12 03:38:00,267,8292,224
2018-04-12 03:39:00,255,8282,228
2018-04-12 03:40:00,272,8292,219
2018-04-12 03:41:00,224,8282,224
2018-04-12 03:42:00,335,8303,219
2018-04-12 03:43:00,245,8292,219
2018-04-12 03:44:00,251,8282,219
2018-04-12 03:45:00,260,8292,219
2018-04-12 03:46:00,275,8292,215
2018-04-12 03:47:00,245,8282,224
2018-04-12 03:48:00,240,8282,224
2018-04-12 03:49:00,312,8303,215
2018-04-12 03:50:00,271,8292,210
2018-04-12 03:51:00,238,8282,224
2018-04-12 03:52:00,272,8292,215
2018-04-12 03:53:00,297,8303,219
2018-04-12 03:54:00,265,8292,219
2018-04-12 03:55:00,218,8282,206
2018-04-12 03:56:00,319,8303,219
2018-04-12 03:57:00,283,8292,219
2018-04-12 03:58:00,222,8282,210
2018-04-12 03:59:00,245,8292,206
2018-04-12 04:00:00,280,8292,210
2018-04-12 04:01:00,289,8303,215
2018-04-12 04:02:00,240,8282,215
2018-04-12 04:03:00,256,8292,210
2018-04-12 04:04:00,254,8282,210
2018-04-12 04:05:00,283,8292,219
2018-04-12 04:06:00,302,8292,215
2018-04-12 04:07:00,256,8292,215
2018-04-12 04:08:00,242,8292,210
2018-04-12 04:09:00,285,8303,215
2018-04-12 04:10:00,272,8292,219
2018-04-12 04:11:00,208,8282,201
2018-04-12 04:12:00,226,8282,215
2018-04-12 04:13:00,238,8292,224
2018-04-12 04:14:00,293,8303,215
2018-04-12 04:15:00,271,8292,219
2018-04-12 04:16:00,244,8292,206
2018-04-12 04:17:00,256,8292,224
2018-04-12 04:18:00,245,8282,215
2018-04-12 04:19:00,240,8282,224
2018-04-12 04:20:00,312,8303,219
2018-04-12 04:21:00,265,8292,215
2018-04-12 04:22:00,269,8292,219
2018-04-12 04:23:00,245,8292,219
2018-04-12 04:24:00,235,8292,219
2018-04-12 04:25:00,254,8292,215
2018-04-12 04:26:00,156,8272,219
2018-04-12 04:27:00,4,8221,215
2018-04-12 04:28:00,0,8232,146
2018-04-12 04:29:00,0,8232,146
2018-04-12 04:30:00,0,8221,146
2018-04-12 04:31:00,0,8221,146
2018-04-12 04:32:00,0,8221,146
2018-04-12 04:33:00,0,8211,141
2018-04-12 04:34:00,0,8211,146
2018-04-12 04:35:00,0,8211,146
2018-04-12 04:36:00,0,8201,146
2018-04-12 04:37:00,0,8201,151
2018-04-12 04:38:00,0,8201,141
2018-04-12 04:39:00,0,8201,146
2018-04-12 04:40:00,0,8191,141
2018-04-12 04:41:00,0,8191,146
2018-04-12 04:42:00,0,8191,141
2018-04-12 04:43:00,0,8181,146
2018-04-12 04:44:00,0,8181,141
2018-04-12 04:45:00,0,8181,141
2018-04-12 04:46:00,265,8221,224
2018-04-12 04:47:00,366,8262,219
2018-04-12 04:48:00,319,8262,219
2018-04-12 04:49:00,256,8242,219
2018-04-12 04:50:00,251,8252,215
2018-04-12 04:51:00,342,8272,210
2018-04-12 04:52:00,328,8272,224
2018-04-12 04:53:00,246,8252,215
2018-04-12 04:54:00,309,8272,219
2018-04-12 04:55:00,303,8282,206
2018-04-12 04:56:00,303,8282,206
2018-04-12 04:57:00,303,8282,206
2018-04-12 04:58:00,303,8282,206
2018-04-12 04:59:00,303,8282,206
2018-04-12 05:00:00,303,8282,206
2018-04-12 05:01:00,303,8282,206
2018-04-12 05:02:00,303,8282,206
2018-04-12 05:03:00,303,8282,206
2018-04-12 05:04:00,303,8282,206
2018-04-12 05:05:00,303,8282,206
2018-04-12 05:06:00,303,8282,206
2018-04-12 05:07:00,303,8282,206
2018-04-12 05:08:00,303,8282,206
2018-04-12 05:09:00,276,8292,228
2018-04-12 05:10:00,228,8282,219
2018-04-12 05:11:00,224,8282,206
2018-04-12 05:12:00,278,8292,219
2018-04-12 05:13:00,264,8282,219
2018-04-12 05:14:00,266,8292,215
2018-04-12 05:15:00,285,8292,215
2018-04-12 05:16:00,283,8303,224
2018-04-12 05:17:00,256,8292,224
2018-04-12 05:18:00,249,8292,219
2018-04-12 05:19:00,293,8292,224
2018-04-12 05:20:00,264,8292,215
2018-04-12 05:21:00,260,8292,215
2018-04-12 05:22:00,262,8292,219
2018-04-12 05:23:00,242,8282,215
2018-04-12 05:24:00,264,8292,219
2018-04-12 05:25:00,304,8303,224
2018-04-12 05:26:00,243,8292,215
2018-04-12 05:27:00,245,8282,219
2018-04-12 05:28:00,304,8303,219
2018-04-12 05:29:00,260,8292,219
2018-04-12 05:30:00,266,8292,219
2018-04-12 05:31:00,291,8303,219
2018-04-12 05:32:00,238,8282,219
2018-04-12 05:33:00,245,8292,206
2018-04-12 05:34:00,281,8292,215
2018-04-12 05:35:00,291,8292,219
2018-04-12 05:36:00,261,8282,215
2018-04-12 05:37:00,226,8282,201
2018-04-12 05:38:00,280,8292,215
2018-04-12 05:39:00,313,8303,215
2018-04-12 05:40:00,232,8282,228
2018-04-12 05:41:00,203,8282,206
2018-04-12 05:42:00,257,8282,219
2018-04-12 05:43:00,300,8303,215
2018-04-12 05:44:00,303,8292,206
2018-04-12 05:45:00,239,8282,215
2018-04-12 05:46:00,228,8282,215
2018-04-12 05:47:00,282,8292,210
2018-04-12 05:48:00,269,8292,210
2018-04-12 05:49:00,218,8282,206
2018-04-12 05:50:00,248,8292,215
2018-04-12 05:51:00,234,8292,206
2018-04-12 05:52:00,289,8303,219
2018-04-12 05:53:00,249,8292,215
2018-04-12 05:54:00,246,8292,219
2018-04-12 05:55:00,276,8292,219
2018-04-12 05:56:00,239,8282,215
2018-04-12 05:57:00,218,8282,219
2018-04-12 05:58:00,234,8292,224
2018-04-12 05:59:00,272,8292,215
2018-04-12 06:00:00,239,8282,219
2018-04-12 06:01:00,257,8292,206
2018-04-12 06:02:00,256,8292,219
2018-04-12 06:03:00,4,8232,219
2018-04-12 06:04:00,1,8211,210
2018-04-12 06:05:00,0,8232,146
2018-04-12 06:06:00,0,8221,146
2018-04-12 06:07:00,0,8221,146
2018-04-12 06:08:00,0,8221,146
2018-04-12 06:09:00,0,8211,146
2018-04-12 06:10:00,0,8211,151
2018-04-12 06:11:00,0,8211,151
2018-04-12 06:12:00,0,8211,141
2018-04-12 06:13:00,0,8201,146
2018-04-12 06:14:00,0,8201,146
2018-04-12 06:15:00,0,8201,146
2018-04-12 06:16:00,0,8201,141
2018-04-12 06:17:00,0,8191,141
2018-04-12 06:18:00,0,8191,146
2018-04-12 06:19:00,0,8191,141
2018-04-12 06:20:00,0,8181,146
2018-04-12 06:21:00,0,8181,146
2018-04-12 06:22:00,50,8191,141
2018-04-12 06:23:00,264,8232,219
2018-04-12 06:24:00,326,8262,219
2018-04-12 06:25:00,367,8272,206
2018-04-12 06:26:00,285,8262,215
2018-04-12 06:27:00,251,8252,219
2018-04-12 06:28:00,302,8272,224
2018-04-12 06:29:00,378,8282,219
2018-04-12 06:30:00,309,8272,233
2018-04-12 06:31:00,287,8282,224
2018-04-12 06:32:00,256,8272,206
2018-04-12 06:33:00,346,8292,219
2018-04-12 06:34:00,312,8292,224
2018-04-12 06:35:00,300,8282,224
2018-04-12 06:36:00,264,8282,215
2018-04-12 06:37:00,319,8292,219
2018-04-12 06:38:00,330,8292,224
2018-04-12 06:39:00,265,8282,219
2018-04-12 06:40:00,308,8303,219
2018-04-12 06:41:00,273,8282,219
2018-04-12 06:42:00,292,8292,219
2018-04-12 06:43:00,272,8292,206
2018-04-12 06:44:00,265,8282,219
2018-04-12 06:45:00,286,8292,219
2018-04-12 06:46:00,303,8303,224
2018-04-12 06:47:00,267,8282,219
2018-04-12 06:48:00,294,8292,224
2018-04-12 06:49:00,261,8282,215
2018-04-12 06:50:00,255,8292,224
2018-04-12 06:51:00,251,8282,219
2018-04-12 06:52:00,251,8292,224
2018-04-12 06:53:00,269,8292,219
2018-04-12 06:54:00,257,8292,206
2018-04-12 06:55:00,270,8292,224
2018-04-12 06:56:00,269,8292,219
2018-04-12 06:57:00,238,8282,219
2018-04-12 06:58:00,293,8303,224
2018-04-12 06:59:00,271,8292,224
2018-04-12 07:00:00,229,8282,219
2018-04-12 07:01:00,256,8292,206
2018-04-12 07:02:00,273,8292,206
2018-04-12 07:03:00,240,8282,206
2018-04-12 07:04:00,278,8292,206
2018-04-12 07:05:00,219,8282,206
2018-04-12 07:06:00,224,8282,219
2018-04-12 07:07:00,267,8282,224
2018-04-12 07:08:00,296,8303,219
2018-04-12 07:09:00,234,8282,219
2018-04-12 07:10:00,217,8282,224
2018-04-12 07:11:00,280,8292,219
2018-04-12 07:12:00,331,8303,219
2018-04-12 07:13:00,281,8292,219
2018-04-12 07:14:00,217,8282,219
2018-04-12 07:15:00,260,8282,219
2018-04-12 07:16:00,282,8292,219
2018-04-12 07:17:00,255,8282,219
2018-04-12 07:18:00,226,8282,219
2018-04-12 07:19:00,246,8282,215
2018-04-12 07:20:00,199,8272,219
2018-04-12 07:21:00,309,8303,215
2018-04-12 07:22:00,259,8292,206
2018-04-12 07:23:00,211,8282,219
2018-04-12 07:24:00,255,8282,219
2018-04-12 07:25:00,283,8292,215
2018-04-12 07:26:00,269,8292,219
2018-04-12 07:27:00,257,8292,219
2018-04-12 07:28:00,226,8282,210
2018-04-12 07:29:00,278,8292,219
2018-04-12 07:30:00,297,8303,219
2018-04-12 07:31:00,227,8282,219
2018-04-12 07:32:00,235,8292,215
2018-04-12 07:33:00,233,8292,219
2018-04-12 07:34:00,269,8292,224
2018-04-12 07:35:00,244,8292,219
2018-04-12 07:36:00,217,8282,224
2018-04-12 07:37:00,245,8292,219
2018-04-12 07:38:00,251,8292,219
2018-04-12 07:39:00,206,8282,215
2018-04-12 07:40:00,153,8272,215
2018-04-12 07:41:00,1,8232,219
2018-04-12 07:42:00,0,8232,146
2018-04-12 07:43:00,0,8232,146
2018-04-12 07:44:00,0,8221,141
2018-04-12 07:45:00,0,8221,146
2018-04-12 07:46:00,0,8221,146
2018-04-12 07:47:00,0,8221,146
2018-04-12 07:48:00,0,8211,146
2018-04-12 07:49:00,0,8211,151
2018-04-12 07:50:00,0,8211,146
2018-04-12 07:51:00,0,8201,146
2018-04-12 07:52:00,0,8201,141
2018-04-12 07:53:00,0,8201,141
2018-04-12 07:54:00,0,8191,146
2018-04-12 07:55:00,0,8191,141
2018-04-12 07:56:00,0,8181,141
2018-04-12 07:57:00,0,8181,146
2018-04-12 07:58:00,0,8181,141
2018-04-12 07:59:00,0,8181,146
2018-04-12 08:00:00,308,8242,206
2018-04-12 08:01:00,328,8252,219
2018-04-12 08:02:00,362,8272,219
2018-04-12 08:03:00,275,8252,210
2018-04-12 08:04:00,230,8242,215
2018-04-12 08:05:00,310,8272,215
2018-04-12 08:06:00,316,8272,219
2018-04-12 08:07:00,326,8272,219
2018-04-12 08:08:00,245,8262,215
2018-04-12 08:09:00,297,8272,219
2018-04-12 08:10:00,309,8282,224
2018-04-12 08:11:00,329,8292,219
2018-04-12 08:12:00,298,8292,224
2018-04-12 08:13:00,251,8272,215
2018-04-12 08:14:00,286,8282,219
2018-04-12 08:15:00,329,8303,215
2018-04-12 08:16:00,330,8303,224
2018-04-12 08:17:00,238,8282,219
2018-04-12 08:18:00,239,8282,224
2018-04-12 08:19:00,265,8282,219
2018-04-12 08:20:00,321,8303,219
2018-04-12 08:21:00,262,8292,215
2018-04-12 08:22:00,302,8292,215
2018-04-12 08:23:00,275,8292,219
2018-04-12 08:24:00,291,8292,224
2018-04-12 08:25:00,251,8282,215
2018-04-12 08:26:00,259,8282,219
2018-04-12 08:27:00,269,8292,210
2018-04-12 08:28:00,265,8292,206
2018-04-12 08:29:00,261,8282,206
2018-04-12 08:30:00,270,8292,210
2018-04-12 08:31:00,275,8282,219
2018-04-12 08:32:00,267,8292,219
2018-04-12 08:33:00,273,8292,224
2018-04-12 08:34:00,276,8292,219
2018-04-12 08:35:00,257,8282,224
2018-04-12 08:36:00,253,8282,224
2018-04-12 08:37:00,253,8282,224
2018-04-12 08:38:00,253,8282,224
2018-04-12 08:39:00,253,8282,224
2018-04-12 08:40:00,253,8282,224
2018-04-12 08:41:00,253,8282,224
2018-04-12 08:42:00,253,8282,224
2018-04-12 08:43:00,253,8282,224
2018-04-12 08:44:00,253,8282,224
2018-04-12 08:45:00,253,8282,224
2018-04-12 08:46:00,253,8282,224
2018-04-12 08:47:00,253,8282,224
2018-04-12 08:48:00,253,8282,224
2018-04-12 08:49:00,253,8282,224
2018-04-12 08:50:00,253,8282,224
2018-04-12 08:51:00,253,8282,224
2018-04-12 08:52:00,253,8282,224
2018-04-12 08:53:00,253,8282,224
2018-04-12 08:54:00,253,8282,224
2018-04-12 08:55:00,253,8282,224
2018-04-12 08:56:00,253,8282,224
2018-04-12 08:57:00,253,8282,224
2018-04-12 08:58:00,253,8282,224
2018-04-12 08:59:00,253,8282,224
2018-04-12 09:00:00,253,8282,224
2018-04-12 09:01:00,253,8282,224
2018-04-12 09:02:00,253,8282,224
2018-04-12 09:03:00,253,8282,224
2018-04-12 09:04:00,253,8282,224
2018-04-12 09:05:00,253,8282,224
2018-04-12 09:06:00,253,8282,224
2018-04-12 09:07:00,253,8282,224
2018-04-12 09:08:00,253,8282,224
2018-04-12 09:09:00,253,8282,224
2018-04-12 09:10:00,253,8282,224
2018-04-12 09:11:00,253,8282,224
2018-04-12 09:12:00,253,8282,224
2018-04-12 09:13:00,253,8282,224
2018-04-12 09:14:00,253,8282,224
2018-04-12 09:15:00,253,8282,224
2018-04-12 09:16:00,253,8282,224
2018-04-12 09:17:00,253,8282,224
2018-04-12 09:18:00,253,8282,224
2018-04-12 09:19:00,253,8282,224
2018-04-12 09:20:00,253,8282,224
2018-04-12 09:21:00,253,8282,224
2018-04-12 09:22:00,0,8221,146
2018-04-12 09:23:00,0,8221,146
2018-04-12 09:24:00,0,8211,146
2018-04-12 09:25:00,0,8211,146
2018-04-12 09:26:00,0,8211,146
2018-04-12 09:27:00,0,8211,146
2018-04-12 09:28:00,0,8201,146
2018-04-12 09:29:00,0,8201,146
2018-04-12 09:30:00,0,8191,146
2018-04-12 09:31:00,0,8191,141
2018-04-12 09:32:00,0,8191,151
2018-04-12 09:33:00,0,8191,146
2018-04-12 09:34:00,0,8181,146
2018-04-12 09:35:00,0,8181,141
2018-04-12 09:36:00,41,8191,146
2018-04-12 09:37:00,278,8232,224
2018-04-12 09:38:00,313,8252,219
2018-04-12 09:39:00,312,8252,219
2018-04-12 09:40:00,291,8252,219
2018-04-12 09:41:00,302,8262,219
2018-04-12 09:42:00,286,8262,219
2018-04-12 09:43:00,353,8282,215
2018-04-12 09:44:00,363,8292,219
2018-04-12 09:45:00,302,8282,206
2018-04-12 09:46:00,307,8282,215
2018-04-12 09:47:00,292,8282,219
2018-04-12 09:48:00,320,8292,224
2018-04-12 09:49:00,282,8282,219
2018-04-12 09:50:00,266,8282,224
2018-04-12 09:51:00,261,8282,224
2018-04-12 09:52:00,305,8292,215
2018-04-12 09:53:00,345,8303,219
2018-04-12 09:54:00,310,8292,228
2018-04-12 09:55:00,246,8282,219
2018-04-12 09:56:00,259,8282,219
2018-04-12 09:57:00,297,8303,224
2018-04-12 09:58:00,251,8282,219
2018-04-12 09:59:00,243,8282,206
2018-04-12 10:00:00,264,8292,215
2018-04-12 10:01:00,294,8303,224
2018-04-12 10:02:00,269,8292,219
2018-04-12 10:03:00,302,8292,224
2018-04-12 10:04:00,289,8303,219
2018-04-12 10:05:00,308,8303,219
2018-04-12 10:06:00,235,8282,219
2018-04-12 10:07:00,213,8272,219
2018-04-12 10:08:00,259,8292,215
2018-04-12 10:09:00,233,8282,224
2018-04-12 10:10:00,244,8282,224
2018-04-12 10:11:00,271,8292,219
2018-04-12 10:12:00,261,8292,228
2018-04-12 10:13:00,255,8282,210
2018-04-12 10:14:00,303,8303,210
2018-04-12 10:15:00,285,8292,219
2018-04-12 10:16:00,269,8292,215
2018-04-12 10:17:00,283,8292,219
2018-04-12 10:18:00,262,8292,215
2018-04-12 10:19:00,246,8282,215
2018-04-12 10:20:00,288,8292,219
2018-04-12 10:21:00,275,8292,224
2018-04-12 10:22:00,212,8282,215
2018-04-12 10:23:00,283,8292,219
2018-04-12 10:24:00,272,8292,224
2018-04-12 10:25:00,255,8292,215
2018-04-12 10:26:00,206,8272,224
2018-04-12 10:27:00,303,8303,228
2018-04-12 10:28:00,282,8292,215
2018-04-12 10:29:00,291,8292,228
2018-04-12 10:30:00,221,8272,219
2018-04-12 10:31:00,240,8282,219
2018-04-12 10:32:00,302,8292,215
2018-04-12 10:33:00,272,8292,219
2018-04-12 10:34:00,200,8282,219
2018-04-12 10:35:00,261,8292,215
2018-04-12 10:36:00,233,8282,206
2018-04-12 10:37:00,308,8303,215
2018-04-12 10:38:00,275,8292,219
2018-04-12 10:39:00,227,8282,215
2018-04-12 10:40:00,229,8282,219
2018-04-12 10:41:00,250,8292,215
2018-04-12 10:42:00,288,8292,215
2018-04-12 10:43:00,293,8292,215
2018-04-12 10:44:00,219,8282,219
2018-04-12 10:45:00,227,8282,224
2018-04-12 10:46:00,270,8292,210
2018-04-12 10:47:00,315,8303,215
2018-04-12 10:48:00,266,8292,215
2018-04-12 10:49:00,218,8282,219
2018-04-12 10:50:00,250,8292,215
2018-04-12 10:51:00,276,8292,215
2018-04-12 10:52:00,261,8292,219
2018-04-12 10:53:00,200,8282,219
2018-04-12 10:54:00,95,8262,210
2018-04-12 10:55:00,3,8232,215
2018-04-12 10:56:00,0,8232,141
2018-04-12 10:57:00,0,8232,146
2018-04-12 10:58:00,0,8232,146
2018-04-12 10:59:00,0,8221,141
2018-04-12 11:00:00,0,8221,151
2018-04-12 11:01:00,0,8221,146
2018-04-12 11:02:00,0,8211,146
2018-04-12 11:03:00,0,8211,141
2018-04-12 11:04:00,0,8211,146
2018-04-12 11:05:00,0,8201,141
2018-04-12 11:06:00,0,8201,141
2018-04-12 11:07:00,0,8201,141
2018-04-12 11:08:00,0,8201,141
2018-04-12 11:09:00,0,8201,141
2018-04-12 11:10:00,0,8201,141
2018-04-12 11:11:00,0,8201,141
2018-04-12 11:12:00,0,8201,141
2018-04-12 11:13:00,0,8201,141
2018-04-12 11:14:00,0,8201,141
2018-04-12 11:15:00,0,8201,141
2018-04-12 11:16:00,0,8201,141
2018-04-12 11:17:00,0,8201,141
2018-04-12 11:18:00,0,8201,141
2018-04-12 11:19:00,0,8201,141
2018-04-12 11:20:00,0,8201,141
2018-04-12 11:21:00,0,8201,141
2018-04-12 11:22:00,0,8201,141
2018-04-12 11:23:00,0,8201,141
2018-04-12 11:24:00,0,8201,141
2018-04-12 11:25:00,0,8201,141
2018-04-12 11:26:00,0,8201,141
2018-04-12 11:27:00,0,8201,141
2018-04-12 11:28:00,0,8201,141
2018-04-12 11:29:00,0,8201,141
2018-04-12 11:30:00,0,8201,141
2018-04-12 11:31:00,0,8201,141
2018-04-12 11:32:00,0,8201,141
2018-04-12 11:33:00,0,8201,141
2018-04-12 11:34:00,0,8201,141
2018-04-12 11:35:00,0,8201,141
2018-04-12 11:36:00,0,8201,141
2018-04-12 11:37:00,0,8201,141
2018-04-12 11:38:00,0,8201,141
2018-04-12 11:39:00,0,8201,141
2018-04-12 11:40:00,243,8282,219
2018-04-12 11:41:00,217,8272,224
2018-04-12 11:42:00,255,8292,219
2018-04-12 11:43:00,278,8292,210
2018-04-12 11:44:00,253,8292,206
2018-04-12 11:45:00,262,8292,219
2018-04-12 11:46:00,264,8292,219
2018-04-12 11:47:00,269,8292,219
2018-04-12 11:48:00,265,8292,224
2018-04-12 11:49:00,271,8292,219
2018-04-12 11:50:00,278,8292,215
2018-04-12 11:51:00,281,8303,219
2018-04-12 11:52:00,276,8292,224
2018-04-12 11:53:00,257,8282,219
2018-04-12 11:54:00,266,8292,219
2018-04-12 11:55:00,256,8292,219
2018-04-12 11:56:00,289,8303,219
2018-04-12 11:57:00,271,8292,224
2018-04-12 11:58:00,260,8282,219
2018-04-12 11:59:00,285,8303,219
2018-04-12 12:00:00,297,8292,219
2018-04-12 12:01:00,253,8282,215
2018-04-12 12:02:00,235,8282,219
2018-04-12 12:03:00,278,8292,219
2018-04-12 12:04:00,309,8303,215
2018-04-12 12:05:00,278,8292,219
2018-04-12 12:06:00,226,8282,215
2018-04-12 12:07:00,256,8282,224
2018-04-12 12:08:00,266,8292,210
2018-04-12 12:09:00,287,8292,219
2018-04-12 12:10:00,227,8282,215
2018-04-12 12:11:00,232,8292,206
2018-04-12 12:12:00,271,8292,215
2018-04-12 12:13:00,253,8292,219
2018-04-12 12:14:00,299,8303,219
2018-04-12 12:15:00,255,8282,219
2018-04-12 12:16:00,235,8282,215
2018-04-12 12:17:00,250,8282,219
2018-04-12 12:18:00,300,8292,219
2018-04-12 12:19:00,298,8292,215
2018-04-12 12:20:00,289,8292,215
2018-04-12 12:21:00,239,8282,210
2018-04-12 12:22:00,226,8282,215
2018-04-12 12:23:00,269,8292,219
2018-04-12 12:24:00,303,8292,219
2018-04-12 12:25:00,254,8292,219
2018-04-12 12:26:00,216,8282,215
2018-04-12 12:27:00,234,8282,215
2018-04-12 12:28:00,307,8303,219
2018-04-12 12:29:00,266,8292,219
2018-04-12 12:30:00,224,8282,219
2018-04-12 12:31:00,299,8303,215
2018-04-12 12:32:00,1,8232,210
2018-04-12 12:33:00,1,8221,215
2018-04-12 12:34:00,0,8232,146
2018-04-12 12:35:00,0,8221,146
2018-04-12 12:36:00,0,8221,146
2018-04-12 12:37:00,0,8221,146
2018-04-12 12:38:00,0,8211,146
2018-04-12 12:39:00,0,8211,146
2018-04-12 12:40:00,0,8211,141
2018-04-12 12:41:00,0,8201,146
2018-04-12 12:42:00,0,8201,146
2018-04-12 12:43:00,0,8201,141
2018-04-12 12:44:00,0,8201,151
2018-04-12 12:45:00,0,8191,146
2018-04-12 12:46:00,0,8191,141
2018-04-12 12:47:00,0,8181,141
2018-04-12 12:48:00,0,8181,146
2018-04-12 12:49:00,0,8181,141
2018-04-12 12:50:00,0,8181,146
2018-04-12 12:51:00,15,8181,151
2018-04-12 12:52:00,331,8252,228
2018-04-12 12:53:00,337,8262,224
2018-04-12 12:54:00,372,8272,224
2018-04-12 12:55:00,282,8252,219
2018-04-12 12:56:00,233,8242,219
2018-04-12 12:57:00,273,8262,215
2018-04-12 12:58:00,325,8272,215
2018-04-12 12:59:00,367,8292,228
2018-04-12 13:00:00,326,8282,219
2018-04-12 13:01:00,280,8282,219
2018-04-12 13:02:00,293,8282,219
2018-04-12 13:03:00,337,8292,219
2018-04-12 13:04:00,321,8292,219
2018-04-12 13:05:00,224,8272,219
2018-04-12 13:06:00,245,8282,215
2018-04-12 13:07:00,305,8292,219
2018-04-12 13:08:00,328,8303,219
2018-04-12 13:09:00,286,8292,206
2018-04-12 13:10:00,286,8292,215
2018-04-12 13:11:00,273,8292,215
2018-04-12 13:12:00,289,8292,215
2018-04-12 13:13:00,259,8282,219
2018-04-12 13:14:00,238,8282,219
2018-04-12 13:15:00,264,8282,224
2018-04-12 13:16:00,262,8282,224
2018-04-12 13:17:00,257,8282,224
2018-04-12 13:18:00,266,8292,228
2018-04-12 13:19:00,269,8282,219
2018-04-12 13:20:00,282,8292,206
2018-04-12 13:21:00,213,8272,219
2018-04-12 13:22:00,254,8282,219
2018-04-12 13:23:00,276,8292,224
2018-04-12 13:24:00,259,8292,215
2018-04-12 13:25:00,259,8292,219
2018-04-12 13:26:00,321,8313,219
2018-04-12 13:27:00,253,8292,219
2018-04-12 13:28:00,230,8272,215
2018-04-12 13:29:00,249,8292,219
2018-04-12 13:30:00,273,8292,219
2018-04-12 13:31:00,250,8292,224
2018-04-12 13:32:00,253,8292,215
2018-04-12 13:33:00,260,8282,224
2018-04-12 13:34:00,217,8282,228
2018-04-12 13:35:00,261,8292,224
2018-04-12 13:36:00,299,8292,224
2018-04-12 13:37:00,309,8303,215
2018-04-12 13:38:00,228,8272,215
2018-04-12 13:39:00,228,8282,215
2018-04-12 13:40:00,269,8292,224
2018-04-12 13:41:00,315,8303,224
2018-04-12 13:42:00,255,8292,215
2018-04-12 13:43:00,238,8282,215
2018-04-12 13:44:00,277,8292,224
2018-04-12 13:45:00,300,8303,224
2018-04-12 13:46:00,234,8282,219
2018-04-12 13:47:00,242,8292,219
2018-04-12 13:48:00,226,8282,219
2018-04-12 13:49:00,227,8282,215
2018-04-12 13:50:00,259,8292,215
2018-04-12 13:51:00,256,8292,219
2018-04-12 13:52:00,281,8292,206
2018-04-12 13:53:00,235,8292,224
2018-04-12 13:54:00,233,8282,210
2018-04-12 13:55:00,275,8303,219
2018-04-12 13:56:00,260,8292,215
2018-04-12 13:57:00,234,8282,215
2018-04-12 13:58:00,208,8282,219
2018-04-12 13:59:00,232,8292,219
2018-04-12 14:00:00,251,8292,219
2018-04-12 14:01:00,285,8292,219
2018-04-12 14:02:00,251,8292,206
2018-04-12 14:03:00,257,8292,219
2018-04-12 14:04:00,260,8292,215
2018-04-12 14:05:00,277,8292,224
2018-04-12 14:06:00,224,8282,210
2018-04-12 14:07:00,226,8282,228
2018-04-12 14:08:00,233,8282,215
2018-04-12 14:09:00,149,8272,215
2018-04-12 14:10:00,3,8221,228
2018-04-12 14:11:00,0,8232,141
2018-04-12 14:12:00,0,8232,146
2018-04-12 14:13:00,0,8221,141
2018-04-12 14:14:00,0,8221,146
2018-04-12 14:15:00,0,8221,146
2018-04-12 14:16:00,0,8211,151
2018-04-12 14:17:00,0,8211,146
2018-04-12 14:18:00,0,8211,146
2018-04-12 14:19:00,0,8211,146
2018-04-12 14:20:00,0,8201,146
2018-04-12 14:21:00,0,8201,146
2018-04-12 14:22:00,0,8201,146
2018-04-12 14:23:00,0,8191,146
2018-04-12 14:24:00,0,8191,146
2018-04-12 14:25:00,0,8191,146
2018-04-12 14:26:00,0,8181,141
2018-04-12 14:27:00,0,8181,141
2018-04-12 14:28:00,0,8181,146
2018-04-12 14:29:00,254,8221,233
2018-04-12 14:30:00,286,8242,224
2018-04-12 14:31:00,315,8262,219
2018-04-12 14:32:00,314,8262,219
2018-04-12 14:33:00,246,8252,224
2018-04-12 14:34:00,297,8262,206
2018-04-12 14:35:00,358,8282,219
2018-04-12 14:36:00,323,8282,224
2018-04-12 14:37:00,302,8282,224
2018-04-12 14:38:00,319,8292,219
2018-04-12 14:39:00,330,8292,215
2018-04-12 14:40:00,308,8282,215
2018-04-12 14:41:00,291,8282,215
2018-04-12 14:42:00,343,8303,215
2018-04-12 14:43:00,318,8292,228
2018-04-12 14:44:00,269,8282,206
2018-04-12 14:45:00,253,8272,224
2018-04-12 14:46:00,343,8313,215
2018-04-12 14:47:00,299,8292,215
2018-04-12 14:48:00,270,8292,215
2018-04-12 14:49:00,273,8282,219
2018-04-12 14:50:00,310,8292,224
2018-04-12 14:51:00,260,8292,206
2018-04-12 14:52:00,232,8272,224
2018-04-12 14:53:00,267,8292,224
2018-04-12 14:54:00,222,8272,215
2018-04-12 14:55:00,270,8292,210
2018-04-12 14:56:00,285,8303,224
2018-04-12 14:57:00,259,8292,224
2018-04-12 14:58:00,265,8292,219
2018-04-12 14:59:00,272,8292,219
2018-04-12 15:00:00,254,8282,219
2018-04-12 15:01:00,233,8282,210
2018-04-12 15:02:00,227,8282,228
2018-04-12 15:03:00,246,8282,224
2018-04-12 15:04:00,269,8292,219
2018-04-12 15:05:00,278,8292,224
2018-04-12 15:06:00,257,8292,219
2018-04-12 15:07:00,239,8282,219
2018-04-12 15:08:00,239,8282,219
2018-04-12 15:09:00,239,8282,219
2018-04-12 15:10:00,239,8282,219
2018-04-12 15:11:00,239,8282,219
2018-04-12 15:12:00,239,8282,219
2018-04-12 15:13:00,239,8282,219
2018-04-12 15:14:00,239,8282,219
2018-04-12 15:15:00,239,8282,219
2018-04-12 15:16:00,239,8282,219
2018-04-12 15:17:00,239,8282,219
2018-04-12 15:18:00,239,8282,219
2018-04-12 15:19:00,239,8282,219
2018-04-12 15:20:00,239,8282,219
2018-04-12 15:21:00,239,8282,219
2018-04-12 15:22:00,239,8282,219
2018-04-12 15:23:00,239,8282,219
2018-04-12 15:24:00,239,8282,219
2018-04-12 15:25:00,239,8282,219
2018-04-12 15:26:00,239,8282,219
2018-04-12 15:27:00,239,8282,219
2018-04-12 15:28:00,239,8282,219
2018-04-12 15:29:00,239,8282,219
2018-04-12 15:30:00,239,8282,219
2018-04-12 15:31:00,239,8282,219
2018-04-12 15:32:00,239,8282,219
2018-04-12 15:33:00,239,8282,219
2018-04-12 15:34:00,239,8282,219
2018-04-12 15:35:00,239,8282,219
2018-04-12 15:36:00,239,8282,219
2018-04-12 15:37:00,239,8282,219
2018-04-12 15:38:00,239,8282,219
2018-04-12 15:39:00,239,8282,219
2018-04-12 15:40:00,239,8282,219
2018-04-12 15:41:00,239,8282,219
2018-04-12 15:42:00,239,8282,219
2018-04-12 15:43:00,239,8282,219
2018-04-12 15:44:00,239,8282,219
2018-04-12 15:45:00,239,8282,219
2018-04-12 15:46:00,239,8282,219
2018-04-12 15:47:00,239,8282,219
2018-04-12 15:48:00,239,8282,219
2018-04-12 15:49:00,239,8282,219
2018-04-12 15:50:00,239,8282,219
2018-04-12 15:51:00,239,8282,219
2018-04-12 15:52:00,239,8282,219
2018-04-12 15:53:00,239,8282,219
2018-04-12 15:54:00,239,8282,219
2018-04-12 15:55:00,239,8282,219
2018-04-12 15:56:00,239,8282,219
2018-04-12 15:57:00,239,8282,219
2018-04-12 15:58:00,239,8282,219
2018-04-12 15:59:00,239,8282,219
2018-04-12 16:00:00,239,8282,219
2018-04-12 16:01:00,239,8282,219
2018-04-12 16:02:00,239,8282,219
2018-04-12 16:03:00,239,8282,219
2018-04-12 16:04:00,239,8282,219
2018-04-12 16:05:00,6,8181,141
2018-04-12 16:06:00,328,8242,219
2018-04-12 16:07:00,339,8262,224
2018-04-12 16:08:00,278,8262,206
2018-04-12 16:09:00,324,8272,224
2018-04-12 16:10:00,335,8272,219
2018-04-12 16:11:00,304,8272,215
2018-04-12 16:12:00,282,8272,219
2018-04-12 16:13:00,318,8282,215
2018-04-12 16:14:00,262,8272,224
2018-04-12 16:15:00,316,8282,224
2018-04-12 16:16:00,303,8292,224
2018-04-12 16:17:00,331,8292,219
2018-04-12 16:18:00,269,8272,224
2018-04-12 16:19:00,276,8282,224
2018-04-12 16:20:00,310,8303,219
2018-04-12 16:21:00,259,8282,210
2018-04-12 16:22:00,296,8292,224
2018-04-12 16:23:00,329,8303,219
2018-04-12 16:24:00,232,8272,219
2018-04-12 16:25:00,237,8282,215
2018-04-12 16:26:00,307,8303,228
2018-04-12 16:27:00,259,8282,215
2018-04-12 16:28:00,283,8292,224
2018-04-12 16:29:00,246,8282,215
2018-04-12 16:30:00,245,8282,228
2018-04-12 16:31:00,266,8292,224
2018-04-12 16:32:00,266,8292,215
2018-04-12 16:33:00,246,8292,224
2018-04-12 16:34:00,265,8282,215
2018-04-12 16:35:00,264,8292,219
2018-04-12 16:36:00,271,8292,224
2018-04-12 16:37:00,286,8292,219
2018-04-12 16:38:00,287,8292,224
2018-04-12 16:39:00,267,8292,210
2018-04-12 16:40:00,259,8292,228
2018-04-12 16:41:00,260,8292,224
2018-04-12 16:42:00,271,8292,219
2018-04-12 16:43:00,202,8282,215
2018-04-12 16:44:00,309,8292,224
2018-04-12 16:45:00,283,8292,215
2018-04-12 16:46:00,234,8282,215
2018-04-12 16:47:00,266,8292,215
2018-04-12 16:48:00,269,8292,219
2018-04-12 16:49:00,233,8282,219
2018-04-12 16:50:00,307,8303,206
2018-04-12 16:51:00,230,8282,215
2018-04-12 16:52:00,310,8303,215
2018-04-12 16:53:00,282,8292,219
2018-04-12 16:54:00,261,8292,219
2018-04-12 16:55:00,259,8292,210
2018-04-12 16:56:00,285,8303,210
2018-04-12 16:57:00,264,8292,219
2018-04-12 16:58:00,260,8292,219
2018-04-12 16:59:00,199,8282,224
2018-04-12 17:00:00,213,8282,215
2018-04-12 17:01:00,287,8292,215
2018-04-12 17:02:00,282,8292,219
2018-04-12 17:03:00,256,8292,210
2018-04-12 17:04:00,217,8282,219
2018-04-12 17:05:00,256,8292,219
2018-04-12 17:06:00,280,8292,206
2018-04-12 17:07:00,254,8292,210
2018-04-12 17:08:00,275,8292,215
2018-04-12 17:09:00,298,8303,215
2018-04-12 17:10:00,277,8292,215
2018-04-12 17:11:00,196,8282,219
2018-04-12 17:12:00,272,8292,215
2018-04-12 17:13:00,254,8292,215
2018-04-12 17:14:00,259,8292,210
2018-04-12 17:15:00,201,8282,219
2018-04-12 17:16:00,244,8292,215
2018-04-12 17:17:00,305,8303,219
2018-04-12 17:18:00,232,8292,228
2018-04-12 17:19:00,269,8292,210
2018-04-12 17:20:00,291,8292,219
2018-04-12 17:21:00,234,8292,210
2018-04-12 17:22:00,210,8282,215
2018-04-12 17:23:00,141,8272,219
2018-04-12 17:24:00,3,8221,219
2018-04-12 17:25:00,0,8232,146
2018-04-12 17:26:00,0,8232,146
2018-04-12 17:27:00,0,8221,146
2018-04-12 17:28:00,0,8221,146
2018-04-12 17:29:00,0,8221,151
2018-04-12 17:30:00,0,8211,146
2018-04-12 17:31:00,0,8211,146
2018-04-12 17:32:00,0,8211,146
2018-04-12 17:33:00,0,8211,146
2018-04-12 17:34:00,0,8201,141
2018-04-12 17:35:00,0,8201,146
2018-04-12 17:36:00,0,8191,141
2018-04-12 17:37:00,0,8191,146
2018-04-12 17:38:00,0,8191,146
2018-04-12 17:39:00,0,8181,151
2018-04-12 17:40:00,0,8181,146
2018-04-12 17:41:00,0,8181,155
2018-04-12 17:42:00,0,8171,151
2018-04-12 17:43:00,275,8221,219
2018-04-12 17:44:00,232,8232,224
2018-04-12 17:45:00,383,8272,219
2018-04-12 17:46:00,318,8272,224
2018-04-12 17:47:00,235,8242,219
2018-04-12 17:48:00,312,8262,219
2018-04-12 17:49:00,361,8282,224
2018-04-12 17:50:00,347,8282,215
2018-04-12 17:51:00,278,8272,219
2018-04-12 17:52:00,345,8292,215
2018-04-12 17:53:00,308,8292,219
2018-04-12 17:54:00,309,8292,219
2018-04-12 17:55:00,267,8282,224
2018-04-12 17:56:00,366,8313,228
2018-04-12 17:57:00,273,8282,219
2018-04-12 17:58:00,246,8272,215
2018-04-12 17:59:00,291,8292,215
2018-04-12 18:00:00,316,8303,224
2018-04-12 18:01:00,276,8292,215
2018-04-12 18:02:00,259,8282,219
2018-04-12 18:03:00,330,8303,228
2018-04-12 18:04:00,262,8282,219
2018-04-12 18:05:00,243,8282,215
2018-04-12 18:06:00,294,8292,219
2018-04-12 18:07:00,321,8303,224
2018-04-12 18:08:00,276,8292,224
2018-04-12 18:09:00,256,8282,219
2018-04-12 18:10:00,253,8282,219
2018-04-12 18:11:00,269,8292,219
2018-04-12 18:12:00,277,8292,224
2018-04-12 18:13:00,249,8282,219
2018-04-12 18:14:00,249,8282,219
2018-04-12 18:15:00,287,8303,210
2018-04-12 18:16:00,243,8282,219
2018-04-12 18:17:00,276,8292,215
2018-04-12 18:18:00,243,8282,219
2018-04-12 18:19:00,299,8303,219
2018-04-12 18:20:00,276,8292,219
2018-04-12 18:21:00,291,8292,215
2018-04-12 18:22:00,251,8282,219
2018-04-12 18:23:00,249,8282,219
2018-04-12 18:24:00,259,8282,219
2018-04-12 18:25:00,250,8292,219
2018-04-12 18:26:00,319,8303,215
2018-04-12 18:27:00,229,8282,215
2018-04-12 18:28:00,248,8282,219
2018-04-12 18:29:00,300,8292,215
2018-04-12 18:30:00,259,8282,219
2018-04-12 18:31:00,254,8282,219
2018-04-12 18:32:00,227,8282,215
2018-04-12 18:33:00,265,8282,219
2018-04-12 18:34:00,309,8303,215
2018-04-12 18:35:00,224,8282,224
2018-04-12 18:36:00,250,8292,215
2018-04-12 18:37:00,242,8282,210
2018-04-12 18:38:00,287,8292,215
2018-04-12 18:39:00,264,8292,219
2018-04-12 18:40:00,264,8292,215
2018-04-12 18:41:00,227,8282,206
2018-04-12 18:42:00,257,8292,219
2018-04-12 18:43:00,293,8292,215
2018-04-12 18:44:00,248,8292,206
2018-04-12 18:45:00,203,8272,210
2018-04-12 18:46:00,320,8303,219
2018-04-12 18:47:00,271,8292,206
2018-04-12 18:48:00,278,8292,219
2018-04-12 18:49:00,223,8292,224
2018-04-12 18:50:00,240,8282,215
2018-04-12 18:51:00,288,8292,215
2018-04-12 18:52:00,245,8292,206
2018-04-12 18:53:00,239,8282,215
2018-04-12 18:54:00,292,8292,206
2018-04-12 18:55:00,286,8303,219
2018-04-12 18:56:00,210,8282,215
2018-04-12 18:57:00,195,8282,215
2018-04-12 18:58:00,266,8292,219
2018-04-12 18:59:00,228,8282,215
2018-04-12 19:00:00,262,8292,219
2018-04-12 19:01:00,3,8232,201
2018-04-12 19:02:00,1,8211,224
2018-04-12 19:03:00,0,8232,141
2018-04-12 19:04:00,0,8221,151
2018-04-12 19:05:00,0,8221,146
2018-04-12 19:06:00,0,8221,146
2018-04-12 19:07:00,0,8211,146
2018-04-12 19:08:00,0,8211,146
2018-04-12 19:09:00,0,8201,146
2018-04-12 19:10:00,0,8201,141
2018-04-12 19:11:00,0,8201,146
2018-04-12 19:12:00,0,8201,146
2018-04-12 19:13:00,0,8191,146
2018-04-12 19:14:00,0,8191,146
2018-04-12 19:15:00,0,8191,146
2018-04-12 19:16:00,0,8181,141
2018-04-12 19:17:00,0,8181,146
2018-04-12 19:18:00,0,8181,146
2018-04-12 19:19:00,0,8181,141
2018-04-12 19:20:00,36,8181,151
2018-04-12 19:21:00,336,8252,219
2018-04-12 19:22:00,316,8252,219
2018-04-12 19:23:00,282,8252,206
2018-04-12 19:24:00,270,8262,219
2018-04-12 19:25:00,328,8272,224
2018-04-12 19:26:00,323,8282,219
2018-04-12 19:27:00,340,8292,215
2018-04-12 19:28:00,283,8272,219
2018-04-12 19:29:00,222,8262,219
2018-04-12 19:30:00,304,8282,219
2018-04-12 19:31:00,346,8292,219
2018-04-12 19:32:00,257,8272,219
2018-04-12 19:33:00,257,8272,219
2018-04-12 19:34:00,257,8272,219
2018-04-12 19:35:00,257,8272,219
2018-04-12 19:36:00,257,8272,219
2018-04-12 19:37:00,257,8272,219
2018-04-12 19:38:00,257,8272,219
2018-04-12 19:39:00,257,8272,219
2018-04-12 19:40:00,257,8272,219
2018-04-12 19:41:00,257,8272,219
2018-04-12 19:42:00,257,8272,219
2018-04-12 19:43:00,257,8272,219
2018-04-12 19:44:00,257,8272,219
2018-04-12 19:45:00,257,8272,219
2018-04-12 19:46:00,257,8272,219
2018-04-12 19:47:00,257,8272,219
2018-04-12 19:48:00,257,8272,219
2018-04-12 19:49:00,257,8272,219
2018-04-12 19:50:00,257,8272,219
2018-04-12 19:51:00,257,8272,219
2018-04-12 19:52:00,257,8272,219
2018-04-12 19:53:00,276,8292,219
2018-04-12 19:54:00,256,8292,228
2018-04-12 19:55:00,250,8292,215
2018-04-12 19:56:00,269,8292,228
2018-04-12 19:57:00,233,8282,219
2018-04-12 19:58:00,249,8282,224
2018-04-12 19:59:00,278,8292,219
2018-04-12 20:00:00,250,8282,215
2018-04-12 20:01:00,261,8292,215
2018-04-12 20:02:00,297,8303,219
2018-04-12 20:03:00,266,8292,224
2018-04-12 20:04:00,207,8272,219
2018-04-12 20:05:00,265,8292,224
2018-04-12 20:06:00,305,8303,219
2018-04-12 20:07:00,296,8292,219
2018-04-12 20:08:00,232,8282,228
2018-04-12 20:09:00,230,8282,219
2018-04-12 20:10:00,278,8292,215
2018-04-12 20:11:00,302,8292,215
2018-04-12 20:12:00,216,8282,219
2018-04-12 20:13:00,267,8292,215
2018-04-12 20:14:00,260,8292,219
2018-04-12 20:15:00,244,8282,219
2018-04-12 20:16:00,254,8292,215
2018-04-12 20:17:00,283,8292,215
2018-04-12 20:18:00,240,8282,219
2018-04-12 20:19:00,213,8282,219
2018-04-12 20:20:00,277,8303,224
2018-04-12 20:21:00,298,8292,201
2018-04-12 20:22:00,261,8292,219
2018-04-12 20:23:00,234,8282,224
2018-04-12 20:24:00,223,8282,210
2018-04-12 20:25:00,270,8292,219
2018-04-12 20:26:00,270,8292,219
2018-04-12 20:27:00,227,8292,206
2018-04-12 20:28:00,203,8282,219
2018-04-12 20:29:00,238,8282,215
2018-04-12 20:30:00,281,8292,215
2018-04-12 20:31:00,277,8292,210
2018-04-12 20:32:00,256,8292,215
2018-04-12 20:33:00,250,8292,215
2018-04-12 20:34:00,201,8282,210
2018-04-12 20:35:00,214,8282,219
2018-04-12 20:36:00,235,8292,215
2018-04-12 20:37:00,287,8303,215
2018-04-12 20:38:00,98,8262,224
2018-04-12 20:39:00,3,8221,210
2018-04-12 20:40:00,0,8232,141
2018-04-12 20:41:00,0,8232,146
2018-04-12 20:42:00,0,8221,141
2018-04-12 20:43:00,0,8221,146
2018-04-12 20:44:00,0,8221,146
2018-04-12 20:45:00,0,8211,146
2018-04-12 20:46:00,0,8211,151
2018-04-12 20:47:00,0,8211,141
2018-04-12 20:48:00,0,8211,141
2018-04-12 20:49:00,0,8201,146
2018-04-12 20:50:00,0,8201,151
2018-04-12 20:51:00,0,8191,146
2018-04-12 20:52:00,0,8191,146
2018-04-12 20:53:00,0,8191,146
2018-04-12 20:54:00,0,8181,146
2018-04-12 20:55:00,0,8181,146
2018-04-12 20:56:00,0,8181,141
2018-04-12 20:57:00,0,8181,146
2018-04-12 20:58:00,267,8221,215
2018-04-12 20:59:00,313,8242,219
2018-04-12 21:00:00,361,8272,224
2018-04-12 21:01:00,321,8262,219
2018-04-12 21:02:00,238,8252,228
2018-04-12 21:03:00,296,8262,215
2018-04-12 21:04:00,291,8272,201
2018-04-12 21:05:00,303,8272,228
2018-04-12 21:06:00,266,8262,219
2018-04-12 21:07:00,276,8272,206
2018-04-12 21:08:00,309,8282,228
2018-04-12 21:09:00,374,8303,215
2018-04-12 21:10:00,313,8292,224
2018-04-12 21:11:00,296,8282,210
2018-04-12 21:12:00,276,8282,215
2018-04-12 21:13:00,265,8282,224
2018-04-12 21:14:00,275,8292,219
2018-04-12 21:15:00,273,8282,210
2018-04-12 21:16:00,266,8292,224
2018-04-12 21:17:00,312,8303,219
2018-04-12 21:18:00,302,8303,206
2018-04-12 21:19:00,270,8292,224
2018-04-12 21:20:00,259,8292,224
2018-04-12 21:21:00,283,8292,224
2018-04-12 21:22:00,267,8292,219
2018-04-12 21:23:00,245,8282,206
2018-04-12 21:24:00,269,8292,219
2018-04-12 21:25:00,277,8292,224
2018-04-12 21:26:00,242,8282,219
2018-04-12 21:27:00,283,8292,219
2018-04-12 21:28:00,251,8282,219
2018-04-12 21:29:00,265,8292,215
2018-04-12 21:30:00,256,8292,224
2018-04-12 21:31:00,270,8292,219
2018-04-12 21:32:00,260,8292,224
2018-04-12 21:33:00,257,8282,224
2018-04-12 21:34:00,267,8292,215
2018-04-12 21:35:00,259,8292,206
2018-04-12 21:36:00,265,8292,206
2018-04-12 21:37:00,265,8292,206
2018-04-12 21:38:00,265,8292,206
2018-04-12 21:39:00,265,8292,206
2018-04-12 21:40:00,265,8292,206
2018-04-12 21:41:00,265,8292,206
2018-04-12 21:42:00,267,8292,206
2018-04-12 21:43:00,246,8282,224
2018-04-12 21:44:00,224,8282,206
2018-04-12 21:45:00,232,8282,210
2018-04-12 21:46:00,310,8303,210
2018-04-12 21:47:00,282,8292,215
2018-04-12 21:48:00,259,8292,215
2018-04-12 21:49:00,210,8282,215
2018-04-12 21:50:00,262,8282,228
2018-04-12 21:51:00,309,8303,219
2018-04-12 21:52:00,277,8292,219
2018-04-12 21:53:00,239,8292,219
2018-04-12 21:54:00,278,8292,215
2018-04-12 21:55:00,235,8282,219
2018-04-12 21:56:00,309,8292,219
2018-04-12 21:57:00,291,8292,215
2018-04-12 21:58:00,232,8282,224
2018-04-12 21:59:00,237,8282,215
2018-04-12 22:00:00,278,8292,219
2018-04-12 22:01:00,257,8292,219
2018-04-12 22:02:00,211,8282,215
2018-04-12 22:03:00,249,8292,219
2018-04-12 22:04:00,298,8292,215
2018-04-12 22:05:00,265,8292,219
2018-04-12 22:06:00,256,8292,215
2018-04-12 22:07:00,257,8292,215
2018-04-12 22:08:00,240,8292,215
2018-04-12 22:09:00,183,8272,215
2018-04-12 22:10:00,228,8282,215
2018-04-12 22:11:00,240,8292,206
2018-04-12 22:12:00,256,8292,215
2018-04-12 22:13:00,266,8292,219
2018-04-12 22:14:00,332,8303,215
2018-04-12 22:15:00,4,8232,224
2018-04-12 22:16:00,0,8232,151
2018-04-12 22:17:00,0,8232,141
2018-04-12 22:18:00,0,8232,146
2018-04-12 22:19:00,0,8221,141
2018-04-12 22:20:00,0,8221,151
2018-04-12 22:21:00,0,8211,146
2018-04-12 22:22:00,0,8211,146
2018-04-12 22:23:00,0,8211,146
2018-04-12 22:24:00,0,8201,146
2018-04-12 22:25:00,0,8201,141
2018-04-12 22:26:00,0,8201,146
2018-04-12 22:27:00,0,8201,151
2018-04-12 22:28:00,0,8201,141
2018-04-12 22:29:00,0,8191,146
2018-04-12 22:30:00,0,8191,141
2018-04-12 22:31:00,0,8181,146
2018-04-12 22:32:00,0,8181,141
2018-04-12 22:33:00,0,8181,146
2018-04-12 22:34:00,11,8161,206
2018-04-12 22:35:00,366,8252,219
2018-04-12 22:36:00,364,8262,219
2018-04-12 22:37:00,307,8262,215
2018-04-12 22:38:00,265,8252,219
2018-04-12 22:39:00,276,8252,215
2018-04-12 22:40:00,308,8272,206
2018-04-12 22:41:00,359,8282,224
2018-04-12 22:42:00,300,8272,224
2018-04-12 22:43:00,297,8272,210
2018-04-12 22:44:00,326,8292,219
2018-04-12 22:45:00,357,8303,219
2018-04-12 22:46:00,313,8292,219
2018-04-12 22:47:00,277,8282,215
2018-04-12 22:48:00,288,8282,224
2018-04-12 22:49:00,312,8292,215
2018-04-12 22:50:00,239,8272,206
2018-04-12 22:51:00,260,8282,224
2018-04-12 22:52:00,283,8292,215
2018-04-12 22:53:00,289,8292,219
2018-04-12 22:54:00,278,8292,224
2018-04-12 22:55:00,270,8292,210
2018-04-12 22:56:00,288,8292,219
2018-04-12 22:57:00,235,8282,224
2018-04-12 22:58:00,234,8282,219
2018-04-12 22:59:00,243,8282,224
2018-04-12 23:00:00,298,8303,219
2018-04-12 23:01:00,224,8282,206
2018-04-12 23:02:00,248,8282,215
2018-04-12 23:03:00,281,8292,224
2018-04-12 23:04:00,262,8292,228
2018-04-12 23:05:00,282,8292,210
2018-04-12 23:06:00,259,8292,219
2018-04-12 23:07:00,254,8292,215
2018-04-12 23:08:00,291,8292,215
2018-04-12 23:09:00,251,8282,224
2018-04-12 23:10:00,287,8292,224
2018-04-12 23:11:00,248,8292,224
2018-04-12 23:12:00,270,8292,228
2018-04-12 23:13:00,243,8292,219
2018-04-12 23:14:00,277,8292,219
2018-04-12 23:15:00,304,8303,215
2018-04-12 23:16:00,269,8292,215
2018-04-12 23:17:00,246,8282,224
2018-04-12 23:18:00,207,8272,215
2018-04-12 23:19:00,269,8292,228
2018-04-12 23:20:00,200,8282,206
2018-04-12 23:21:00,246,8282,219
2018-04-12 23:22:00,303,8292,219
2018-04-12 23:23:00,276,8292,219
2018-04-12 23:24:00,219,8282,215
2018-04-12 23:25:00,230,8282,206
